Codice;Titolo;Destinazioni;Decisione;Nota;File fonte;Riga inizio;Riga fine;Gruppo;PDF nel Laboratorio
R1-1;Ciclo RTC: Riflessione → Test → Card;C1, C5;Integrare riscrivendo;"Conservare il rimando bibliografico nel repertorio; verificare la pagina del volume prima di una citazione nel manuale.";Assets (markdown)/Repertori skill piano intervento/1 Metodo di studio - Rampin, Crosera-Perusini, Fenu.md;31;35;principale;
R1-2;Definire il problema di studio;C1, S38;Integrare riscrivendo;"Conservare il rimando bibliografico nel repertorio; verificare la pagina del volume prima di una citazione nel manuale.";Assets (markdown)/Repertori skill piano intervento/1 Metodo di studio - Rampin, Crosera-Perusini, Fenu.md;36;40;principale;
R1-3;Foglio dei punti + e punti – e mappa delle risorse;C4, D17;Integrare riscrivendo;"Conservare il rimando bibliografico nel repertorio; verificare la pagina del volume prima di una citazione nel manuale.";Assets (markdown)/Repertori skill piano intervento/1 Metodo di studio - Rampin, Crosera-Perusini, Fenu.md;41;45;principale;
R1-4;"Pensare per ipotesi: ""se... allora""";S4, D21;Integrare riscrivendo;"Conservare il rimando bibliografico nel repertorio; verificare la pagina del volume prima di una citazione nel manuale.";Assets (markdown)/Repertori skill piano intervento/1 Metodo di studio - Rampin, Crosera-Perusini, Fenu.md;46;50;principale;
R1-5;Obiettivi generali e specifici;D20;Integrare riscrivendo;"Conservare il rimando bibliografico nel repertorio; verificare la pagina del volume prima di una citazione nel manuale.";Assets (markdown)/Repertori skill piano intervento/1 Metodo di studio - Rampin, Crosera-Perusini, Fenu.md;51;55;principale;
R1-6;"""Da che cosa mi accorgerei di saperlo?""";D1;Integrare riscrivendo;"Conservare il rimando bibliografico nel repertorio; verificare la pagina del volume prima di una citazione nel manuale.";Assets (markdown)/Repertori skill piano intervento/1 Metodo di studio - Rampin, Crosera-Perusini, Fenu.md;56;60;principale;
R1-7;La mossa del gambero (pianificare a ritroso);S34;Integrare riscrivendo;"Conservare il rimando bibliografico nel repertorio; verificare la pagina del volume prima di una citazione nel manuale.";Assets (markdown)/Repertori skill piano intervento/1 Metodo di studio - Rampin, Crosera-Perusini, Fenu.md;61;65;principale;
R1-8;Tabella obiettivi × strumenti;S38;Integrare riscrivendo;"Conservare il rimando bibliografico nel repertorio; verificare la pagina del volume prima di una citazione nel manuale.";Assets (markdown)/Repertori skill piano intervento/1 Metodo di studio - Rampin, Crosera-Perusini, Fenu.md;66;70;principale;
R1-9;"Verifica dei risultati ""da investigatore"" e riprogrammazione";C5, D16;Integrare riscrivendo;"Conservare il rimando bibliografico nel repertorio; verificare la pagina del volume prima di una citazione nel manuale.";Assets (markdown)/Repertori skill piano intervento/1 Metodo di studio - Rampin, Crosera-Perusini, Fenu.md;71;75;principale;
R1-10;Test di funzionalità delle abitudini di studio;S4;Integrare riscrivendo;"Conservare il rimando bibliografico nel repertorio; verificare la pagina del volume prima di una citazione nel manuale.";Assets (markdown)/Repertori skill piano intervento/1 Metodo di studio - Rampin, Crosera-Perusini, Fenu.md;76;81;principale;
R1-11;"Griglia della sessione (""carta e penna"")";CAP6;Integrare riscrivendo;"Conservare il rimando bibliografico nel repertorio; verificare la pagina del volume prima di una citazione nel manuale.";Assets (markdown)/Repertori skill piano intervento/1 Metodo di studio - Rampin, Crosera-Perusini, Fenu.md;83;87;principale;
R1-12;Programmare il pomeriggio;S2;Integrare riscrivendo;"Conservare il rimando bibliografico nel repertorio; verificare la pagina del volume prima di una citazione nel manuale.";Assets (markdown)/Repertori skill piano intervento/1 Metodo di studio - Rampin, Crosera-Perusini, Fenu.md;88;92;principale;
R1-13;Stimare e decidere i tempi;S3;Integrare riscrivendo;"Conservare il rimando bibliografico nel repertorio; verificare la pagina del volume prima di una citazione nel manuale.";Assets (markdown)/Repertori skill piano intervento/1 Metodo di studio - Rampin, Crosera-Perusini, Fenu.md;93;97;principale;
R1-14;"Pianificare per priorità e intensità, con lo ""svuota-testa""";S7;Integrare riscrivendo;"Conservare il rimando bibliografico nel repertorio; verificare la pagina del volume prima di una citazione nel manuale.";Assets (markdown)/Repertori skill piano intervento/1 Metodo di studio - Rampin, Crosera-Perusini, Fenu.md;98;102;principale;
R1-15;"Scegliere il proprio ritmo: blocchi fissi o ""finché reggo""";S5;Integrare riscrivendo;"Conservare il rimando bibliografico nel repertorio; verificare la pagina del volume prima di una citazione nel manuale.";Assets (markdown)/Repertori skill piano intervento/1 Metodo di studio - Rampin, Crosera-Perusini, Fenu.md;103;107;principale;
R1-16;Bioritmo, stanchezza e igiene dello studio;S5;Integrare riscrivendo;"Conservare il rimando bibliografico nel repertorio; verificare la pagina del volume prima di una citazione nel manuale.";Assets (markdown)/Repertori skill piano intervento/1 Metodo di studio - Rampin, Crosera-Perusini, Fenu.md;108;112;principale;
R1-17;Postazione e materiale pronto;S6;Integrare riscrivendo;"Conservare il rimando bibliografico nel repertorio; verificare la pagina del volume prima di una citazione nel manuale.";Assets (markdown)/Repertori skill piano intervento/1 Metodo di studio - Rampin, Crosera-Perusini, Fenu.md;113;117;principale;
R1-18;"Dieta delle distrazioni (la ""scatola"")";S6;Integrare riscrivendo;"Conservare il rimando bibliografico nel repertorio; verificare la pagina del volume prima di una citazione nel manuale.";Assets (markdown)/Repertori skill piano intervento/1 Metodo di studio - Rampin, Crosera-Perusini, Fenu.md;118;122;principale;
R1-19;L'interruttore mentale e l'automonitoraggio dell'attenzione;S5;Integrare riscrivendo;"Conservare il rimando bibliografico nel repertorio; verificare la pagina del volume prima di una citazione nel manuale.";Assets (markdown)/Repertori skill piano intervento/1 Metodo di studio - Rampin, Crosera-Perusini, Fenu.md;123;127;principale;
R1-20;"Rituale d'ingresso (""la strategia del falco"")";S4;Integrare riscrivendo;"Conservare il rimando bibliografico nel repertorio; verificare la pagina del volume prima di una citazione nel manuale.";Assets (markdown)/Repertori skill piano intervento/1 Metodo di studio - Rampin, Crosera-Perusini, Fenu.md;128;132;principale;
R1-21;Dire ad alta voce che cosa si sta facendo e tenere il programma in vista;S8;Integrare riscrivendo;"Conservare il rimando bibliografico nel repertorio; verificare la pagina del volume prima di una citazione nel manuale.";Assets (markdown)/Repertori skill piano intervento/1 Metodo di studio - Rampin, Crosera-Perusini, Fenu.md;133;138;principale;
R1-22;Lettura adattata allo scopo: lenta, veloce, selettiva;S10;Integrare riscrivendo;"Conservare il rimando bibliografico nel repertorio; verificare la pagina del volume prima di una citazione nel manuale.";Assets (markdown)/Repertori skill piano intervento/1 Metodo di studio - Rampin, Crosera-Perusini, Fenu.md;140;144;principale;
R1-23;Richiamare ciò che si sa già;S10;Integrare riscrivendo;"Conservare il rimando bibliografico nel repertorio; verificare la pagina del volume prima di una citazione nel manuale.";Assets (markdown)/Repertori skill piano intervento/1 Metodo di studio - Rampin, Crosera-Perusini, Fenu.md;145;149;principale;
R1-24;"Pausa di comprensione: ""che cosa mi sta dicendo l'autore?""";S11;Integrare riscrivendo;"Conservare il rimando bibliografico nel repertorio; verificare la pagina del volume prima di una citazione nel manuale.";Assets (markdown)/Repertori skill piano intervento/1 Metodo di studio - Rampin, Crosera-Perusini, Fenu.md;150;154;principale;
R1-25;Elaborazione di Primo Livello: le quattro domande;S10;Integrare riscrivendo;"Conservare il rimando bibliografico nel repertorio; verificare la pagina del volume prima di una citazione nel manuale.";Assets (markdown)/Repertori skill piano intervento/1 Metodo di studio - Rampin, Crosera-Perusini, Fenu.md;155;159;principale;
R1-26;Interrogare il testo: chi, dove, quando, come, perché;S10;Integrare riscrivendo;"Conservare il rimando bibliografico nel repertorio; verificare la pagina del volume prima di una citazione nel manuale.";Assets (markdown)/Repertori skill piano intervento/1 Metodo di studio - Rampin, Crosera-Perusini, Fenu.md;160;164;principale;
R1-27;Collegamenti da detective;S13;Integrare riscrivendo;"Conservare il rimando bibliografico nel repertorio; verificare la pagina del volume prima di una citazione nel manuale.";Assets (markdown)/Repertori skill piano intervento/1 Metodo di studio - Rampin, Crosera-Perusini, Fenu.md;165;170;principale;
R1-28;Il bisturi: necessario, utile, superfluo;S14;Integrare riscrivendo;"Conservare il rimando bibliografico nel repertorio; verificare la pagina del volume prima di una citazione nel manuale.";Assets (markdown)/Repertori skill piano intervento/1 Metodo di studio - Rampin, Crosera-Perusini, Fenu.md;172;176;principale;
R1-29;Prosciugare: riassumere potando;S16;Integrare riscrivendo;"Conservare il rimando bibliografico nel repertorio; verificare la pagina del volume prima di una citazione nel manuale.";Assets (markdown)/Repertori skill piano intervento/1 Metodo di studio - Rampin, Crosera-Perusini, Fenu.md;177;181;principale;
R1-30;Trasformare i titoli in domande e sottolineare in due tempi;S15;Integrare riscrivendo;"Conservare il rimando bibliografico nel repertorio; verificare la pagina del volume prima di una citazione nel manuale.";Assets (markdown)/Repertori skill piano intervento/1 Metodo di studio - Rampin, Crosera-Perusini, Fenu.md;182;186;principale;
R1-31;Una parola chiave a margine (Appunti Nucleari);S15;Integrare riscrivendo;"Conservare il rimando bibliografico nel repertorio; verificare la pagina del volume prima di una citazione nel manuale.";Assets (markdown)/Repertori skill piano intervento/1 Metodo di studio - Rampin, Crosera-Perusini, Fenu.md;187;191;principale;
R1-32;Contro il perfezionismo (e il suo contrario);S14, D6;Integrare riscrivendo;"Conservare il rimando bibliografico nel repertorio; verificare la pagina del volume prima di una citazione nel manuale.";Assets (markdown)/Repertori skill piano intervento/1 Metodo di studio - Rampin, Crosera-Perusini, Fenu.md;192;196;principale;
R1-33;Appunti attivi in classe;S17;Integrare riscrivendo;"Conservare il rimando bibliografico nel repertorio; verificare la pagina del volume prima di una citazione nel manuale.";Assets (markdown)/Repertori skill piano intervento/1 Metodo di studio - Rampin, Crosera-Perusini, Fenu.md;197;202;principale;
R1-34;Schemi a raggiera o a scaletta, con schizzi;S20;Integrare riscrivendo;"Conservare il rimando bibliografico nel repertorio; verificare la pagina del volume prima di una citazione nel manuale.";Assets (markdown)/Repertori skill piano intervento/1 Metodo di studio - Rampin, Crosera-Perusini, Fenu.md;204;208;principale;
R1-35;Schema a piramide a libro chiuso;S19, S26;Integrare riscrivendo;"Conservare il rimando bibliografico nel repertorio; verificare la pagina del volume prima di una citazione nel manuale.";Assets (markdown)/Repertori skill piano intervento/1 Metodo di studio - Rampin, Crosera-Perusini, Fenu.md;209;213;principale;
R1-36;Rielaborare a blocchi medi e ripassare a fine sessione;S27;Integrare riscrivendo;"Conservare il rimando bibliografico nel repertorio; verificare la pagina del volume prima di una citazione nel manuale.";Assets (markdown)/Repertori skill piano intervento/1 Metodo di studio - Rampin, Crosera-Perusini, Fenu.md;214;219;principale;
R1-37;Invertire i ruoli: dalla ripetizione alla spiegazione;S29;Integrare riscrivendo;"Conservare il rimando bibliografico nel repertorio; verificare la pagina del volume prima di una citazione nel manuale.";Assets (markdown)/Repertori skill piano intervento/1 Metodo di studio - Rampin, Crosera-Perusini, Fenu.md;221;225;principale;
R1-38;"Registrarsi e ""prova allo specchio""";S33;Integrare riscrivendo;"Conservare il rimando bibliografico nel repertorio; verificare la pagina del volume prima di una citazione nel manuale.";Assets (markdown)/Repertori skill piano intervento/1 Metodo di studio - Rampin, Crosera-Perusini, Fenu.md;226;230;principale;
R1-39;Il menu delle strategie di memoria;S30;Integrare riscrivendo;"Conservare il rimando bibliografico nel repertorio; verificare la pagina del volume prima di una citazione nel manuale.";Assets (markdown)/Repertori skill piano intervento/1 Metodo di studio - Rampin, Crosera-Perusini, Fenu.md;231;235;principale;
R1-40;Ripassare in base a quanto si sa: i tre mucchi;S27;Integrare riscrivendo;"Conservare il rimando bibliografico nel repertorio; verificare la pagina del volume prima di una citazione nel manuale.";Assets (markdown)/Repertori skill piano intervento/1 Metodo di studio - Rampin, Crosera-Perusini, Fenu.md;236;241;principale;
R1-41;Conto alla rovescia e ripasso a intensità crescente;S34;Integrare riscrivendo;"Conservare il rimando bibliografico nel repertorio; verificare la pagina del volume prima di una citazione nel manuale.";Assets (markdown)/Repertori skill piano intervento/1 Metodo di studio - Rampin, Crosera-Perusini, Fenu.md;243;247;principale;
R1-42;Tattiche per prove a tempo e quiz;S36;Integrare riscrivendo;"Conservare il rimando bibliografico nel repertorio; verificare la pagina del volume prima di una citazione nel manuale.";Assets (markdown)/Repertori skill piano intervento/1 Metodo di studio - Rampin, Crosera-Perusini, Fenu.md;248;253;principale;
R1-43;Dare un senso al compito;D4;Integrare riscrivendo;"Conservare il rimando bibliografico nel repertorio; verificare la pagina del volume prima di una citazione nel manuale.";Assets (markdown)/Repertori skill piano intervento/1 Metodo di studio - Rampin, Crosera-Perusini, Fenu.md;255;259;principale;
R1-44;Il compito come un gioco a livelli;D20, S3;Integrare riscrivendo;"Conservare il rimando bibliografico nel repertorio; verificare la pagina del volume prima di una citazione nel manuale.";Assets (markdown)/Repertori skill piano intervento/1 Metodo di studio - Rampin, Crosera-Perusini, Fenu.md;260;264;principale;
R1-45;Capire perché si rimanda: la formula A + B − C;S4;Integrare riscrivendo;La formula della procrastinazione è una metafora orientativa, non un’equazione predittiva validata del singolo ragazzo.;Assets (markdown)/Repertori skill piano intervento/1 Metodo di studio - Rampin, Crosera-Perusini, Fenu.md;265;269;principale;
R1-46;"Il percorso ""SUBITO""";S4, D21;Integrare riscrivendo;"Conservare il rimando bibliografico nel repertorio; verificare la pagina del volume prima di una citazione nel manuale.";Assets (markdown)/Repertori skill piano intervento/1 Metodo di studio - Rampin, Crosera-Perusini, Fenu.md;270;274;principale;
R1-47;"""Non ne ho voglia, ma lo faccio lo stesso""";D14, S4;Integrare riscrivendo;"Conservare il rimando bibliografico nel repertorio; verificare la pagina del volume prima di una citazione nel manuale.";Assets (markdown)/Repertori skill piano intervento/1 Metodo di studio - Rampin, Crosera-Perusini, Fenu.md;275;279;principale;
R1-48;Il divieto paradossale di studiare fuori sessione;CAP4;Escludere la procedura;"Divieto paradossale di studiare: non proporre come intervento standard; usare avvio concordato e analisi della funzione (S4).";Assets (markdown)/Repertori skill piano intervento/1 Metodo di studio - Rampin, Crosera-Perusini, Fenu.md;280;284;principale;
R1-49;La noia: inventario della giornata e varianti del compito;D16, S5;Integrare riscrivendo;"Conservare il rimando bibliografico nel repertorio; verificare la pagina del volume prima di una citazione nel manuale.";Assets (markdown)/Repertori skill piano intervento/1 Metodo di studio - Rampin, Crosera-Perusini, Fenu.md;285;289;principale;
R1-50;Ripartire a piccoli passi dopo un blocco;S4, D21;Integrare riscrivendo;"Conservare il rimando bibliografico nel repertorio; verificare la pagina del volume prima di una citazione nel manuale.";Assets (markdown)/Repertori skill piano intervento/1 Metodo di studio - Rampin, Crosera-Perusini, Fenu.md;290;294;principale;
R1-51;Il deposito bagagli e i pensieri da cestinare;D6, D12;Riformulare;Non insegnare a eliminare pensieri: riconoscerli e tornare a un’azione scelta.;Assets (markdown)/Repertori skill piano intervento/1 Metodo di studio - Rampin, Crosera-Perusini, Fenu.md;295;299;principale;
R1-52;"Riscrivere le cause: da ""è colpa del prof"" a ""che cosa posso cambiare""";S37, D18;Integrare riscrivendo;"Conservare il rimando bibliografico nel repertorio; verificare la pagina del volume prima di una citazione nel manuale.";Assets (markdown)/Repertori skill piano intervento/1 Metodo di studio - Rampin, Crosera-Perusini, Fenu.md;300;304;principale;
R1-53;Psicoeducazione sull'ansia da verifica;D12, D22, S33;Integrare riscrivendo;"Conservare il rimando bibliografico nel repertorio; verificare la pagina del volume prima di una citazione nel manuale.";Assets (markdown)/Repertori skill piano intervento/1 Metodo di studio - Rampin, Crosera-Perusini, Fenu.md;305;310;principale;
R2-1;Passeggiata tra le figure (anteprima);S9;Integrare riscrivendo;"Conservare il rimando bibliografico nel repertorio; verificare la pagina del volume prima di una citazione nel manuale.";Assets (markdown)/Repertori skill piano intervento/2 Metacognizione, memoria e mappe - Oakley, Hartman, Rosati.md;18;22;principale;
R2-2;Attivare ciò che si sa già e fare domande prima di leggere;S10;Integrare riscrivendo;"Conservare il rimando bibliografico nel repertorio; verificare la pagina del volume prima di una citazione nel manuale.";Assets (markdown)/Repertori skill piano intervento/2 Metacognizione, memoria e mappe - Oakley, Hartman, Rosati.md;23;27;principale;
R2-3;"Monitoraggio della comprensione: ""Cosa mi ha confuso? Cosa ho fatto?""";S11;Integrare riscrivendo;"Conservare il rimando bibliografico nel repertorio; verificare la pagina del volume prima di una citazione nel manuale.";Assets (markdown)/Repertori skill piano intervento/2 Metacognizione, memoria e mappe - Oakley, Hartman, Rosati.md;28;32;principale;
R2-4;Insegnamento reciproco (in versione individuale);S11;Integrare riscrivendo;"Conservare il rimando bibliografico nel repertorio; verificare la pagina del volume prima di una citazione nel manuale.";Assets (markdown)/Repertori skill piano intervento/2 Metacognizione, memoria e mappe - Oakley, Hartman, Rosati.md;33;37;principale;
R2-5;"Riassunto ""per il lettore"" e postorganizzatori";S16, S18;Integrare riscrivendo;"Conservare il rimando bibliografico nel repertorio; verificare la pagina del volume prima di una citazione nel manuale.";Assets (markdown)/Repertori skill piano intervento/2 Metacognizione, memoria e mappe - Oakley, Hartman, Rosati.md;38;42;principale;
R2-6;"Richiamo attivo (""distogli lo sguardo e ricorda"")";S26;Integrare riscrivendo;"Conservare il rimando bibliografico nel repertorio; verificare la pagina del volume prima di una citazione nel manuale.";Assets (markdown)/Repertori skill piano intervento/2 Metacognizione, memoria e mappe - Oakley, Hartman, Rosati.md;45;49;principale;
R2-7;Sottolineatura minima e note a margine;S15;Integrare riscrivendo;"Conservare il rimando bibliografico nel repertorio; verificare la pagina del volume prima di una citazione nel manuale.";Assets (markdown)/Repertori skill piano intervento/2 Metacognizione, memoria e mappe - Oakley, Hartman, Rosati.md;50;54;principale;
R2-8;Ripetizione distanziata;S27;Integrare riscrivendo;"Conservare il rimando bibliografico nel repertorio; verificare la pagina del volume prima di una citazione nel manuale.";Assets (markdown)/Repertori skill piano intervento/2 Metacognizione, memoria e mappe - Oakley, Hartman, Rosati.md;55;59;principale;
R2-9;Segmentazione (chunking) in tre passi;S3, S29;Integrare riscrivendo;"Conservare il rimando bibliografico nel repertorio; verificare la pagina del volume prima di una citazione nel manuale.";Assets (markdown)/Repertori skill piano intervento/2 Metacognizione, memoria e mappe - Oakley, Hartman, Rosati.md;60;64;principale;
R2-10;"Biblioteca dei ""problemi chiave"" (segmento potente)";S46;Integrare riscrivendo;"Conservare il rimando bibliografico nel repertorio; verificare la pagina del volume prima di una citazione nel manuale.";Assets (markdown)/Repertori skill piano intervento/2 Metacognizione, memoria e mappe - Oakley, Hartman, Rosati.md;65;69;principale;
R2-11;Pratica intervallata (mescolare i tipi di esercizio);S36, S46;Integrare riscrivendo;"Conservare il rimando bibliografico nel repertorio; verificare la pagina del volume prima di una citazione nel manuale.";Assets (markdown)/Repertori skill piano intervento/2 Metacognizione, memoria e mappe - Oakley, Hartman, Rosati.md;70;74;principale;
R2-12;Auto-test e mini-verifiche;S26, S36;Integrare riscrivendo;"Conservare il rimando bibliografico nel repertorio; verificare la pagina del volume prima di una citazione nel manuale.";Assets (markdown)/Repertori skill piano intervento/2 Metacognizione, memoria e mappe - Oakley, Hartman, Rosati.md;75;79;principale;
R2-13;Spiegalo a qualcuno / cambia luogo;S29;Integrare riscrivendo;"Conservare il rimando bibliografico nel repertorio; verificare la pagina del volume prima di una citazione nel manuale.";Assets (markdown)/Repertori skill piano intervento/2 Metacognizione, memoria e mappe - Oakley, Hartman, Rosati.md;80;84;principale;
R2-14;Sonno e ripasso serale;S31;Integrare riscrivendo;"Conservare il rimando bibliografico nel repertorio; verificare la pagina del volume prima di una citazione nel manuale.";Assets (markdown)/Repertori skill piano intervento/2 Metacognizione, memoria e mappe - Oakley, Hartman, Rosati.md;85;89;principale;
R2-15;Alternanza focalizzato/diffuso e pausa strategica;S5;Integrare riscrivendo;"Conservare il rimando bibliografico nel repertorio; verificare la pagina del volume prima di una citazione nel manuale.";Assets (markdown)/Repertori skill piano intervento/2 Metacognizione, memoria e mappe - Oakley, Hartman, Rosati.md;92;96;principale;
R2-16;"Sblocco dall'Einstellung (""la prima idea che ti blocca"")";S47, D29;Integrare riscrivendo;"Conservare il rimando bibliografico nel repertorio; verificare la pagina del volume prima di una citazione nel manuale.";Assets (markdown)/Repertori skill piano intervento/2 Metacognizione, memoria e mappe - Oakley, Hartman, Rosati.md;97;101;principale;
R2-17;Modello di problem solving in 4 passi (costruito con il ragazzo);S47;Integrare riscrivendo;"Conservare il rimando bibliografico nel repertorio; verificare la pagina del volume prima di una citazione nel manuale.";Assets (markdown)/Repertori skill piano intervento/2 Metacognizione, memoria e mappe - Oakley, Hartman, Rosati.md;102;106;principale;
R2-18;Rappresentare il problema (disegno, schema, linea dei numeri);S47, S48;Integrare riscrivendo;"Conservare il rimando bibliografico nel repertorio; verificare la pagina del volume prima di una citazione nel manuale.";Assets (markdown)/Repertori skill piano intervento/2 Metacognizione, memoria e mappe - Oakley, Hartman, Rosati.md;107;111;principale;
R2-19;I DREAM of A (problem solving guidato da domande);S47;Integrare riscrivendo;"Conservare il rimando bibliografico nel repertorio; verificare la pagina del volume prima di una citazione nel manuale.";Assets (markdown)/Repertori skill piano intervento/2 Metacognizione, memoria e mappe - Oakley, Hartman, Rosati.md;112;116;principale;
R2-20;Pensiero ad alta voce e coppia risolutore-ascoltatore;S46;Integrare riscrivendo;"Conservare il rimando bibliografico nel repertorio; verificare la pagina del volume prima di una citazione nel manuale.";Assets (markdown)/Repertori skill piano intervento/2 Metacognizione, memoria e mappe - Oakley, Hartman, Rosati.md;117;121;principale;
R2-21;Analisi dell'errore (3 domande);S37;Integrare riscrivendo;"Conservare il rimando bibliografico nel repertorio; verificare la pagina del volume prima di una citazione nel manuale.";Assets (markdown)/Repertori skill piano intervento/2 Metacognizione, memoria e mappe - Oakley, Hartman, Rosati.md;122;126;principale;
R2-22;Checklist regolativa (Pianifico – Controllo – Valuto);S8, S37;Integrare riscrivendo;"Conservare il rimando bibliografico nel repertorio; verificare la pagina del volume prima di una citazione nel manuale.";Assets (markdown)/Repertori skill piano intervento/2 Metacognizione, memoria e mappe - Oakley, Hartman, Rosati.md;129;133;principale;
R2-23;Domande personali per materia;S41;Integrare riscrivendo;"Conservare il rimando bibliografico nel repertorio; verificare la pagina del volume prima di una citazione nel manuale.";Assets (markdown)/Repertori skill piano intervento/2 Metacognizione, memoria e mappe - Oakley, Hartman, Rosati.md;134;138;principale;
R2-24;Matrice delle strategie (come / quando / perché);S38, C5;Integrare riscrivendo;"Conservare il rimando bibliografico nel repertorio; verificare la pagina del volume prima di una citazione nel manuale.";Assets (markdown)/Repertori skill piano intervento/2 Metacognizione, memoria e mappe - Oakley, Hartman, Rosati.md;139;143;principale;
R2-25;Come insegnare una strategia (5 elementi);CAP2;Integrare riscrivendo;"Conservare il rimando bibliografico nel repertorio; verificare la pagina del volume prima di una citazione nel manuale.";Assets (markdown)/Repertori skill piano intervento/2 Metacognizione, memoria e mappe - Oakley, Hartman, Rosati.md;144;148;principale;
R2-26;Dal modello all'autonomia (auto-istruzione in 5 fasi);S40;Integrare riscrivendo;"Conservare il rimando bibliografico nel repertorio; verificare la pagina del volume prima di una citazione nel manuale.";Assets (markdown)/Repertori skill piano intervento/2 Metacognizione, memoria e mappe - Oakley, Hartman, Rosati.md;149;153;principale;
R2-27;"Stima ""lo so / non lo so"" (calibrazione)";S36, C5;Integrare riscrivendo;"Conservare il rimando bibliografico nel repertorio; verificare la pagina del volume prima di una citazione nel manuale.";Assets (markdown)/Repertori skill piano intervento/2 Metacognizione, memoria e mappe - Oakley, Hartman, Rosati.md;154;158;principale;
R2-28;Auto-registrazione dei progressi (in positivo);C5;Integrare riscrivendo;"Conservare il rimando bibliografico nel repertorio; verificare la pagina del volume prima di una citazione nel manuale.";Assets (markdown)/Repertori skill piano intervento/2 Metacognizione, memoria e mappe - Oakley, Hartman, Rosati.md;159;163;principale;
R2-29;Pomodoro (sessioni a tempo con ricompensa);S5;Integrare riscrivendo;"Conservare il rimando bibliografico nel repertorio; verificare la pagina del volume prima di una citazione nel manuale.";Assets (markdown)/Repertori skill piano intervento/2 Metacognizione, memoria e mappe - Oakley, Hartman, Rosati.md;166;170;principale;
R2-30;Processo, non prodotto;D20;Integrare riscrivendo;"Conservare il rimando bibliografico nel repertorio; verificare la pagina del volume prima di una citazione nel manuale.";Assets (markdown)/Repertori skill piano intervento/2 Metacognizione, memoria e mappe - Oakley, Hartman, Rosati.md;171;175;principale;
R2-31;Lista della sera prima, scadenze spezzate, orario di chiusura;S2;Integrare riscrivendo;"Conservare il rimando bibliografico nel repertorio; verificare la pagina del volume prima di una citazione nel manuale.";Assets (markdown)/Repertori skill piano intervento/2 Metacognizione, memoria e mappe - Oakley, Hartman, Rosati.md;176;180;principale;
R2-32;Analisi dell'abitudine e diario di auto-sperimentazione;D29, S38;Integrare riscrivendo;"Conservare il rimando bibliografico nel repertorio; verificare la pagina del volume prima di una citazione nel manuale.";Assets (markdown)/Repertori skill piano intervento/2 Metacognizione, memoria e mappe - Oakley, Hartman, Rosati.md;181;185;principale;
R2-33;Micro-attività quando ci si sente sopraffatti;S4;Integrare riscrivendo;"Conservare il rimando bibliografico nel repertorio; verificare la pagina del volume prima di una citazione nel manuale.";Assets (markdown)/Repertori skill piano intervento/2 Metacognizione, memoria e mappe - Oakley, Hartman, Rosati.md;186;190;principale;
R2-34;Psicoeducazione breve legata al compito;C2;Integrare riscrivendo;"Conservare il rimando bibliografico nel repertorio; verificare la pagina del volume prima di una citazione nel manuale.";Assets (markdown)/Repertori skill piano intervento/2 Metacognizione, memoria e mappe - Oakley, Hartman, Rosati.md;191;194;principale;
R3-1-1;"Separare ""leggere"" da ""capire""";S12;Integrare riscrivendo;"Conservare il rimando bibliografico nel repertorio; verificare la pagina del volume prima di una citazione nel manuale.";Assets (markdown)/Repertori skill piano intervento/3 Supporto compiti per area - Cornoldi, Italiano Speciale, Tablet, Ligabue.md;37;38;principale;
R3-1-2;"Lettura ad alta voce ""preparata""";S12, S33;Integrare riscrivendo;"Conservare il rimando bibliografico nel repertorio; verificare la pagina del volume prima di una citazione nel manuale.";Assets (markdown)/Repertori skill piano intervento/3 Supporto compiti per area - Cornoldi, Italiano Speciale, Tablet, Ligabue.md;39;40;principale;
R3-1-3;Parti ricorrenti delle parole;S13;Integrare riscrivendo;"Solo supporto al compito e comprensione di parole; distinguere da trattamento riabilitativo della lettura o dell’ortografia.";Assets (markdown)/Repertori skill piano intervento/3 Supporto compiti per area - Cornoldi, Italiano Speciale, Tablet, Ligabue.md;41;42;principale;
R3-1-4;Esposizione piacevole al testo;S12;Integrare riscrivendo;"Conservare il rimando bibliografico nel repertorio; verificare la pagina del volume prima di una citazione nel manuale.";Assets (markdown)/Repertori skill piano intervento/3 Supporto compiti per area - Cornoldi, Italiano Speciale, Tablet, Ligabue.md;43;58;principale;
R3-2-1;Lettura guidata dalle domande;S10;Integrare riscrivendo;"Conservare il rimando bibliografico nel repertorio; verificare la pagina del volume prima di una citazione nel manuale.";Assets (markdown)/Repertori skill piano intervento/3 Supporto compiti per area - Cornoldi, Italiano Speciale, Tablet, Ligabue.md;68;69;principale;
R3-2-2;Capire di non aver capito;S11;Integrare riscrivendo;"Conservare il rimando bibliografico nel repertorio; verificare la pagina del volume prima di una citazione nel manuale.";Assets (markdown)/Repertori skill piano intervento/3 Supporto compiti per area - Cornoldi, Italiano Speciale, Tablet, Ligabue.md;70;71;principale;
R3-2-3;Caccia ai collegamenti;S13;Integrare riscrivendo;"Conservare il rimando bibliografico nel repertorio; verificare la pagina del volume prima di una citazione nel manuale.";Assets (markdown)/Repertori skill piano intervento/3 Supporto compiti per area - Cornoldi, Italiano Speciale, Tablet, Ligabue.md;72;72;principale;
R3-2-4;Costruire l'immagine della situazione;S13, S28;Integrare riscrivendo;"Conservare il rimando bibliografico nel repertorio; verificare la pagina del volume prima di una citazione nel manuale.";Assets (markdown)/Repertori skill piano intervento/3 Supporto compiti per area - Cornoldi, Italiano Speciale, Tablet, Ligabue.md;73;73;principale;
R3-2-5;Consegne rese concrete;S8;Integrare riscrivendo;"Conservare il rimando bibliografico nel repertorio; verificare la pagina del volume prima di una citazione nel manuale.";Assets (markdown)/Repertori skill piano intervento/3 Supporto compiti per area - Cornoldi, Italiano Speciale, Tablet, Ligabue.md;74;86;principale;
R3-3-1;Mappa dei propri errori;S43;Integrare riscrivendo;"Conservare il rimando bibliografico nel repertorio; verificare la pagina del volume prima di una citazione nel manuale.";Assets (markdown)/Repertori skill piano intervento/3 Supporto compiti per area - Cornoldi, Italiano Speciale, Tablet, Ligabue.md;96;97;principale;
R3-3-2;Controllo a passate;S43;Integrare riscrivendo;"Conservare il rimando bibliografico nel repertorio; verificare la pagina del volume prima di una citazione nel manuale.";Assets (markdown)/Repertori skill piano intervento/3 Supporto compiti per area - Cornoldi, Italiano Speciale, Tablet, Ligabue.md;98;99;principale;
R3-3-3;Prima le idee, poi l'ortografia;S42;Integrare riscrivendo;"Conservare il rimando bibliografico nel repertorio; verificare la pagina del volume prima di una citazione nel manuale.";Assets (markdown)/Repertori skill piano intervento/3 Supporto compiti per area - Cornoldi, Italiano Speciale, Tablet, Ligabue.md;100;100;principale;
R3-3-4;Raccoglitore delle parole difficili;S43;Integrare riscrivendo;"Solo supporto al compito e comprensione di parole; distinguere da trattamento riabilitativo della lettura o dell’ortografia.";Assets (markdown)/Repertori skill piano intervento/3 Supporto compiti per area - Cornoldi, Italiano Speciale, Tablet, Ligabue.md;101;101;principale;
R3-3-5;Correttore ortografico usato bene;S39, S43;Integrare riscrivendo;"Conservare il rimando bibliografico nel repertorio; verificare la pagina del volume prima di una citazione nel manuale.";Assets (markdown)/Repertori skill piano intervento/3 Supporto compiti per area - Cornoldi, Italiano Speciale, Tablet, Ligabue.md;102;114;principale;
R3-4-1;Carattere funzionale;S39;Integrare riscrivendo;"Conservare il rimando bibliografico nel repertorio; verificare la pagina del volume prima di una citazione nel manuale.";Assets (markdown)/Repertori skill piano intervento/3 Supporto compiti per area - Cornoldi, Italiano Speciale, Tablet, Ligabue.md;124;124;principale;
R3-4-2;Togliere la trascrizione inutile;S42;Integrare riscrivendo;"Conservare il rimando bibliografico nel repertorio; verificare la pagina del volume prima di una citazione nel manuale.";Assets (markdown)/Repertori skill piano intervento/3 Supporto compiti per area - Cornoldi, Italiano Speciale, Tablet, Ligabue.md;125;125;principale;
R3-4-3;Dettare per liberare le idee;S39, S42;Integrare riscrivendo;"Conservare il rimando bibliografico nel repertorio; verificare la pagina del volume prima di una citazione nel manuale.";Assets (markdown)/Repertori skill piano intervento/3 Supporto compiti per area - Cornoldi, Italiano Speciale, Tablet, Ligabue.md;126;126;principale;
R3-4-4;Avvio all'autonomia su tastiera;S39, S40;Integrare riscrivendo;"Conservare il rimando bibliografico nel repertorio; verificare la pagina del volume prima di una citazione nel manuale.";Assets (markdown)/Repertori skill piano intervento/3 Supporto compiti per area - Cornoldi, Italiano Speciale, Tablet, Ligabue.md;127;138;principale;
R3-5-1;Scaletta operativa;S42;Integrare riscrivendo;"Conservare il rimando bibliografico nel repertorio; verificare la pagina del volume prima di una citazione nel manuale.";Assets (markdown)/Repertori skill piano intervento/3 Supporto compiti per area - Cornoldi, Italiano Speciale, Tablet, Ligabue.md;148;149;principale;
R3-5-2;Domande a margine;S42;Integrare riscrivendo;"Conservare il rimando bibliografico nel repertorio; verificare la pagina del volume prima di una citazione nel manuale.";Assets (markdown)/Repertori skill piano intervento/3 Supporto compiti per area - Cornoldi, Italiano Speciale, Tablet, Ligabue.md;150;150;principale;
R3-5-3;Brutta e bella in due tempi;S42;Integrare riscrivendo;"Conservare il rimando bibliografico nel repertorio; verificare la pagina del volume prima di una citazione nel manuale.";Assets (markdown)/Repertori skill piano intervento/3 Supporto compiti per area - Cornoldi, Italiano Speciale, Tablet, Ligabue.md;151;151;principale;
R3-5-4;Dal parlato allo scritto;S42;Integrare riscrivendo;"Conservare il rimando bibliografico nel repertorio; verificare la pagina del volume prima di una citazione nel manuale.";Assets (markdown)/Repertori skill piano intervento/3 Supporto compiti per area - Cornoldi, Italiano Speciale, Tablet, Ligabue.md;152;152;principale;
R3-5-5;Punteggiatura come respiro e come significato;S42;Integrare riscrivendo;"Conservare il rimando bibliografico nel repertorio; verificare la pagina del volume prima di una citazione nel manuale.";Assets (markdown)/Repertori skill piano intervento/3 Supporto compiti per area - Cornoldi, Italiano Speciale, Tablet, Ligabue.md;153;163;principale;
R3-6-1;Prima l'insieme;S44;Integrare riscrivendo;"Conservare il rimando bibliografico nel repertorio; verificare la pagina del volume prima di una citazione nel manuale.";Assets (markdown)/Repertori skill piano intervento/3 Supporto compiti per area - Cornoldi, Italiano Speciale, Tablet, Ligabue.md;171;171;principale;
R3-6-2;Tabella unica e mazzo di micro-schede;S44;Integrare riscrivendo;"Conservare il rimando bibliografico nel repertorio; verificare la pagina del volume prima di una citazione nel manuale.";Assets (markdown)/Repertori skill piano intervento/3 Supporto compiti per area - Cornoldi, Italiano Speciale, Tablet, Ligabue.md;172;172;principale;
R3-6-3;Una competenza per volta;S44;Integrare riscrivendo;"Conservare il rimando bibliografico nel repertorio; verificare la pagina del volume prima di una citazione nel manuale.";Assets (markdown)/Repertori skill piano intervento/3 Supporto compiti per area - Cornoldi, Italiano Speciale, Tablet, Ligabue.md;173;173;principale;
R3-6-4;Analisi logica come caccia al tesoro;S44;Integrare riscrivendo;"Conservare il rimando bibliografico nel repertorio; verificare la pagina del volume prima di una citazione nel manuale.";Assets (markdown)/Repertori skill piano intervento/3 Supporto compiti per area - Cornoldi, Italiano Speciale, Tablet, Ligabue.md;174;174;principale;
R3-6-5;Analisi del periodo a piani, come un condominio;S44;Integrare riscrivendo;"Conservare il rimando bibliografico nel repertorio; verificare la pagina del volume prima di una citazione nel manuale.";Assets (markdown)/Repertori skill piano intervento/3 Supporto compiti per area - Cornoldi, Italiano Speciale, Tablet, Ligabue.md;175;175;principale;
R3-6-6;Schede per i casi ambigui;S44;Integrare riscrivendo;"Conservare il rimando bibliografico nel repertorio; verificare la pagina del volume prima di una citazione nel manuale.";Assets (markdown)/Repertori skill piano intervento/3 Supporto compiti per area - Cornoldi, Italiano Speciale, Tablet, Ligabue.md;176;188;principale;
R3-7-1;Analisi qualitativa dell'errore;S37, S45;Integrare riscrivendo;"Conservare il rimando bibliografico nel repertorio; verificare la pagina del volume prima di una citazione nel manuale.";Assets (markdown)/Repertori skill piano intervento/3 Supporto compiti per area - Cornoldi, Italiano Speciale, Tablet, Ligabue.md;199;199;principale;
R3-7-2;Stima e plausibilità;S45;Integrare riscrivendo;"Conservare il rimando bibliografico nel repertorio; verificare la pagina del volume prima di una citazione nel manuale.";Assets (markdown)/Repertori skill piano intervento/3 Supporto compiti per area - Cornoldi, Italiano Speciale, Tablet, Ligabue.md;200;200;principale;
R3-7-3;Procedura con la guida accanto;S46;Integrare riscrivendo;"Conservare il rimando bibliografico nel repertorio; verificare la pagina del volume prima di una citazione nel manuale.";Assets (markdown)/Repertori skill piano intervento/3 Supporto compiti per area - Cornoldi, Italiano Speciale, Tablet, Ligabue.md;201;201;principale;
R3-7-4;Supporti spaziali per incolonnare;S45;Integrare riscrivendo;"Conservare il rimando bibliografico nel repertorio; verificare la pagina del volume prima di una citazione nel manuale.";Assets (markdown)/Repertori skill piano intervento/3 Supporto compiti per area - Cornoldi, Italiano Speciale, Tablet, Ligabue.md;202;215;principale;
R3-8-1;Le cinque domande;S47;Integrare riscrivendo;"Conservare il rimando bibliografico nel repertorio; verificare la pagina del volume prima di una citazione nel manuale.";Assets (markdown)/Repertori skill piano intervento/3 Supporto compiti per area - Cornoldi, Italiano Speciale, Tablet, Ligabue.md;224;225;principale;
R3-8-2;Dati utili e dati inutili;S47;Integrare riscrivendo;"Conservare il rimando bibliografico nel repertorio; verificare la pagina del volume prima di una citazione nel manuale.";Assets (markdown)/Repertori skill piano intervento/3 Supporto compiti per area - Cornoldi, Italiano Speciale, Tablet, Ligabue.md;226;226;principale;
R3-8-3;Prima a parole, poi in numeri;S47;Integrare riscrivendo;"Conservare il rimando bibliografico nel repertorio; verificare la pagina del volume prima di una citazione nel manuale.";Assets (markdown)/Repertori skill piano intervento/3 Supporto compiti per area - Cornoldi, Italiano Speciale, Tablet, Ligabue.md;227;227;principale;
R3-8-4;Previsione e verosimiglianza;S47;Integrare riscrivendo;"Conservare il rimando bibliografico nel repertorio; verificare la pagina del volume prima di una citazione nel manuale.";Assets (markdown)/Repertori skill piano intervento/3 Supporto compiti per area - Cornoldi, Italiano Speciale, Tablet, Ligabue.md;228;228;principale;
R3-8-5;Disegno e testo sotto gli occhi;S47;Integrare riscrivendo;"Conservare il rimando bibliografico nel repertorio; verificare la pagina del volume prima di una citazione nel manuale.";Assets (markdown)/Repertori skill piano intervento/3 Supporto compiti per area - Cornoldi, Italiano Speciale, Tablet, Ligabue.md;229;229;principale;
R3-8-6;Problemi con equazione;S47, S46;Integrare riscrivendo;"Conservare il rimando bibliografico nel repertorio; verificare la pagina del volume prima di una citazione nel manuale.";Assets (markdown)/Repertori skill piano intervento/3 Supporto compiti per area - Cornoldi, Italiano Speciale, Tablet, Ligabue.md;230;239;principale;
R3-9-1;"Strategia del ""so che per me è difficile""";S48;Integrare riscrivendo;"Conservare il rimando bibliografico nel repertorio; verificare la pagina del volume prima di una citazione nel manuale.";Assets (markdown)/Repertori skill piano intervento/3 Supporto compiti per area - Cornoldi, Italiano Speciale, Tablet, Ligabue.md;247;247;principale;
R3-9-2;Copia verbalizzata;S48;Integrare riscrivendo;"Conservare il rimando bibliografico nel repertorio; verificare la pagina del volume prima di una citazione nel manuale.";Assets (markdown)/Repertori skill piano intervento/3 Supporto compiti per area - Cornoldi, Italiano Speciale, Tablet, Ligabue.md;248;248;principale;
R3-9-3;Formule inverse ricavate, non memorizzate;S48;Integrare riscrivendo;"Conservare il rimando bibliografico nel repertorio; verificare la pagina del volume prima di una citazione nel manuale.";Assets (markdown)/Repertori skill piano intervento/3 Supporto compiti per area - Cornoldi, Italiano Speciale, Tablet, Ligabue.md;249;249;principale;
R3-9-4;Problema geometrico standard;S48;Integrare riscrivendo;"Conservare il rimando bibliografico nel repertorio; verificare la pagina del volume prima di una citazione nel manuale.";Assets (markdown)/Repertori skill piano intervento/3 Supporto compiti per area - Cornoldi, Italiano Speciale, Tablet, Ligabue.md;250;250;principale;
R3-9-5;"Equivalenze ""a scala""";S48;Integrare riscrivendo;"Conservare il rimando bibliografico nel repertorio; verificare la pagina del volume prima di una citazione nel manuale.";Assets (markdown)/Repertori skill piano intervento/3 Supporto compiti per area - Cornoldi, Italiano Speciale, Tablet, Ligabue.md;251;262;principale;
R3-11-1;Pensare prima di agire;S8;Integrare riscrivendo;"Conservare il rimando bibliografico nel repertorio; verificare la pagina del volume prima di una citazione nel manuale.";Assets (markdown)/Repertori skill piano intervento/3 Supporto compiti per area - Cornoldi, Italiano Speciale, Tablet, Ligabue.md;280;280;principale;
R3-11-2;Guida esterna che si ritira;S40;Integrare riscrivendo;"Conservare il rimando bibliografico nel repertorio; verificare la pagina del volume prima di una citazione nel manuale.";Assets (markdown)/Repertori skill piano intervento/3 Supporto compiti per area - Cornoldi, Italiano Speciale, Tablet, Ligabue.md;281;281;principale;
R3-11-3;Planner settimanale A4;S2;Integrare riscrivendo;"Conservare il rimando bibliografico nel repertorio; verificare la pagina del volume prima di una citazione nel manuale.";Assets (markdown)/Repertori skill piano intervento/3 Supporto compiti per area - Cornoldi, Italiano Speciale, Tablet, Ligabue.md;282;282;principale;
R3-11-4;Spezzare, non allungare;S3;Integrare riscrivendo;"Conservare il rimando bibliografico nel repertorio; verificare la pagina del volume prima di una citazione nel manuale.";Assets (markdown)/Repertori skill piano intervento/3 Supporto compiti per area - Cornoldi, Italiano Speciale, Tablet, Ligabue.md;283;284;principale;
R3-11-5;Giochi brevi per le funzioni esecutive;CAP6, CAP42;Integrare riscrivendo;"Gioco per osservare e provare strategie; nessuna promessa di generalizzazione automatica o riabilitazione delle funzioni esecutive.";Assets (markdown)/Repertori skill piano intervento/3 Supporto compiti per area - Cornoldi, Italiano Speciale, Tablet, Ligabue.md;285;296;principale;
R4-P1;Termometro e nome dell'emozione;D30, STR6;Integrare riscrivendo;"Conservare il rimando bibliografico nel repertorio; verificare la pagina del volume prima di una citazione nel manuale.";Assets (markdown)/Repertori skill piano intervento/4 Livello emotivo legato al compito - Vicari-Pontillo, Panchieri, ACT.md;88;94;principale;
R4-P2;Gettare l'ancora (versione breve);D12;Integrare riscrivendo;"Conservare il rimando bibliografico nel repertorio; verificare la pagina del volume prima di una citazione nel manuale.";Assets (markdown)/Repertori skill piano intervento/4 Livello emotivo legato al compito - Vicari-Pontillo, Panchieri, ACT.md;95;101;principale;
R4-P3;Il minuto prima di cominciare;D12, S4;Integrare riscrivendo;"Conservare il rimando bibliografico nel repertorio; verificare la pagina del volume prima di una citazione nel manuale.";Assets (markdown)/Repertori skill piano intervento/4 Livello emotivo legato al compito - Vicari-Pontillo, Panchieri, ACT.md;102;108;principale;
R4-P4;Stringi e lascia (tensione-distensione breve);D15;Variante facoltativa;"Alternativa esperienziale breve; non necessaria per procedere e non condizione per eliminare ansia.";Assets (markdown)/Repertori skill piano intervento/4 Livello emotivo legato al compito - Vicari-Pontillo, Panchieri, ACT.md;109;115;principale;
R4-P5;Il parcheggio dei pensieri;D6;Integrare riscrivendo;"Conservare il rimando bibliografico nel repertorio; verificare la pagina del volume prima di una citazione nel manuale.";Assets (markdown)/Repertori skill piano intervento/4 Livello emotivo legato al compito - Vicari-Pontillo, Panchieri, ACT.md;116;122;principale;
R4-P6;Come voglio studiare oggi;D4;Integrare riscrivendo;"Conservare il rimando bibliografico nel repertorio; verificare la pagina del volume prima di una citazione nel manuale.";Assets (markdown)/Repertori skill piano intervento/4 Livello emotivo legato al compito - Vicari-Pontillo, Panchieri, ACT.md;123;129;principale;
R4-P7;Il passo più piccolo, subito;S4;Integrare riscrivendo;"Conservare il rimando bibliografico nel repertorio; verificare la pagina del volume prima di una citazione nel manuale.";Assets (markdown)/Repertori skill piano intervento/4 Livello emotivo legato al compito - Vicari-Pontillo, Panchieri, ACT.md;130;136;principale;
R4-P8;Cosa potrebbe mettersi di traverso?;D21;Integrare riscrivendo;"Conservare il rimando bibliografico nel repertorio; verificare la pagina del volume prima di una citazione nel manuale.";Assets (markdown)/Repertori skill piano intervento/4 Livello emotivo legato al compito - Vicari-Pontillo, Panchieri, ACT.md;137;143;principale;
R4-P9;Dal voto alle azioni che dipendono da me;D1;Integrare riscrivendo;"Conservare il rimando bibliografico nel repertorio; verificare la pagina del volume prima di una citazione nel manuale.";Assets (markdown)/Repertori skill piano intervento/4 Livello emotivo legato al compito - Vicari-Pontillo, Panchieri, ACT.md;144;150;principale;
R4-P10;Problem solving per una verifica;S34;Integrare riscrivendo;"Conservare il rimando bibliografico nel repertorio; verificare la pagina del volume prima di una citazione nel manuale.";Assets (markdown)/Repertori skill piano intervento/4 Livello emotivo legato al compito - Vicari-Pontillo, Panchieri, ACT.md;151;157;principale;
R4-P11;L'eroe che mi accompagna;D4, D17;Integrare riscrivendo;"Conservare il rimando bibliografico nel repertorio; verificare la pagina del volume prima di una citazione nel manuale.";Assets (markdown)/Repertori skill piano intervento/4 Livello emotivo legato al compito - Vicari-Pontillo, Panchieri, ACT.md;158;164;principale;
R4-P12;Prova generale dell'interrogazione;S33;Integrare riscrivendo;"Conservare il rimando bibliografico nel repertorio; verificare la pagina del volume prima di una citazione nel manuale.";Assets (markdown)/Repertori skill piano intervento/4 Livello emotivo legato al compito - Vicari-Pontillo, Panchieri, ACT.md;165;171;principale;
R4-D1;"""Sto avendo il pensiero che...""";D6;Integrare riscrivendo;"Conservare il rimando bibliografico nel repertorio; verificare la pagina del volume prima di una citazione nel manuale.";Assets (markdown)/Repertori skill piano intervento/4 Livello emotivo legato al compito - Vicari-Pontillo, Panchieri, ACT.md;174;180;principale;
R4-D2;Grazie, mente;D6;Integrare riscrivendo;"Conservare il rimando bibliografico nel repertorio; verificare la pagina del volume prima di una citazione nel manuale.";Assets (markdown)/Repertori skill piano intervento/4 Livello emotivo legato al compito - Vicari-Pontillo, Panchieri, ACT.md;181;187;principale;
R4-D3;La voce buffa;D7;Integrare riscrivendo;"Conservare il rimando bibliografico nel repertorio; verificare la pagina del volume prima di una citazione nel manuale.";Assets (markdown)/Repertori skill piano intervento/4 Livello emotivo legato al compito - Vicari-Pontillo, Panchieri, ACT.md;188;194;principale;
R4-D4;Dare un nome alla storia;D6;Integrare riscrivendo;"Conservare il rimando bibliografico nel repertorio; verificare la pagina del volume prima di una citazione nel manuale.";Assets (markdown)/Repertori skill piano intervento/4 Livello emotivo legato al compito - Vicari-Pontillo, Panchieri, ACT.md;195;201;principale;
R4-D5;Torna al compito con curiosità;D12;Integrare riscrivendo;"Conservare il rimando bibliografico nel repertorio; verificare la pagina del volume prima di una citazione nel manuale.";Assets (markdown)/Repertori skill piano intervento/4 Livello emotivo legato al compito - Vicari-Pontillo, Panchieri, ACT.md;202;208;principale;
R4-D6;Surfare l'onda;D13;Integrare riscrivendo;"Conservare il rimando bibliografico nel repertorio; verificare la pagina del volume prima di una citazione nel manuale.";Assets (markdown)/Repertori skill piano intervento/4 Livello emotivo legato al compito - Vicari-Pontillo, Panchieri, ACT.md;209;215;principale;
R4-D7;Mollare la corda;D14;Integrare riscrivendo;"Conservare il rimando bibliografico nel repertorio; verificare la pagina del volume prima di una citazione nel manuale.";Assets (markdown)/Repertori skill piano intervento/4 Livello emotivo legato al compito - Vicari-Pontillo, Panchieri, ACT.md;216;222;principale;
R4-D8;Pomodoro tarato per età;S5;Integrare riscrivendo;"Conservare il rimando bibliografico nel repertorio; verificare la pagina del volume prima di una citazione nel manuale.";Assets (markdown)/Repertori skill piano intervento/4 Livello emotivo legato al compito - Vicari-Pontillo, Panchieri, ACT.md;223;229;principale;
R4-D9;Foglio bianco: parti da ciò che sai;S35;Integrare riscrivendo;"Conservare il rimando bibliografico nel repertorio; verificare la pagina del volume prima di una citazione nel manuale.";Assets (markdown)/Repertori skill piano intervento/4 Livello emotivo legato al compito - Vicari-Pontillo, Panchieri, ACT.md;230;236;principale;
R4-D10;L'adulto che sbaglia ad alta voce;D18, S37;Integrare riscrivendo;"Conservare il rimando bibliografico nel repertorio; verificare la pagina del volume prima di una citazione nel manuale.";Assets (markdown)/Repertori skill piano intervento/4 Livello emotivo legato al compito - Vicari-Pontillo, Panchieri, ACT.md;237;243;principale;
R4-D11;Rassicurazione a rate;S40, D26;Riformulare;"Aiuti e feedback concordati; non sottrarre supporti necessari né usare premi/punizioni per imporre l’adesione.";Assets (markdown)/Repertori skill piano intervento/4 Livello emotivo legato al compito - Vicari-Pontillo, Panchieri, ACT.md;244;250;principale;
R4-D12;Pausa concordata;S5;Integrare riscrivendo;"Conservare il rimando bibliografico nel repertorio; verificare la pagina del volume prima di una citazione nel manuale.";Assets (markdown)/Repertori skill piano intervento/4 Livello emotivo legato al compito - Vicari-Pontillo, Panchieri, ACT.md;251;257;principale;
R4-A1;"Feedback ""a ingredienti""";D18;Integrare riscrivendo;"Conservare il rimando bibliografico nel repertorio; verificare la pagina del volume prima di una citazione nel manuale.";Assets (markdown)/Repertori skill piano intervento/4 Livello emotivo legato al compito - Vicari-Pontillo, Panchieri, ACT.md;260;266;principale;
R4-A2;Previsione ed esito;D16, C5;Integrare riscrivendo;"Conservare il rimando bibliografico nel repertorio; verificare la pagina del volume prima di una citazione nel manuale.";Assets (markdown)/Repertori skill piano intervento/4 Livello emotivo legato al compito - Vicari-Pontillo, Panchieri, ACT.md;267;273;principale;
R4-A3;Da cosa dipende? (attribuzioni);D18, S37;Integrare riscrivendo;"Conservare il rimando bibliografico nel repertorio; verificare la pagina del volume prima di una citazione nel manuale.";Assets (markdown)/Repertori skill piano intervento/4 Livello emotivo legato al compito - Vicari-Pontillo, Panchieri, ACT.md;274;280;principale;
R4-A4;"""È un momento difficile""";D25;Integrare riscrivendo;"Conservare il rimando bibliografico nel repertorio; verificare la pagina del volume prima di una citazione nel manuale.";Assets (markdown)/Repertori skill piano intervento/4 Livello emotivo legato al compito - Vicari-Pontillo, Panchieri, ACT.md;281;287;principale;
R4-A5;Il tifoso e il critico;D25;Integrare riscrivendo;"Conservare il rimando bibliografico nel repertorio; verificare la pagina del volume prima di una citazione nel manuale.";Assets (markdown)/Repertori skill piano intervento/4 Livello emotivo legato al compito - Vicari-Pontillo, Panchieri, ACT.md;288;294;principale;
R4-A6;Asini, carote e bastoni;D18;Riformulare;"Aiuti e feedback concordati; non sottrarre supporti necessari né usare premi/punizioni per imporre l’adesione.";Assets (markdown)/Repertori skill piano intervento/4 Livello emotivo legato al compito - Vicari-Pontillo, Panchieri, ACT.md;295;301;principale;
R4-A7;Si riparte;S4, D21;Integrare riscrivendo;"Conservare il rimando bibliografico nel repertorio; verificare la pagina del volume prima di una citazione nel manuale.";Assets (markdown)/Repertori skill piano intervento/4 Livello emotivo legato al compito - Vicari-Pontillo, Panchieri, ACT.md;302;308;principale;
R4-A8;L'allenatore dopo la rabbia;D11, D25;Integrare riscrivendo;"Conservare il rimando bibliografico nel repertorio; verificare la pagina del volume prima di una citazione nel manuale.";Assets (markdown)/Repertori skill piano intervento/4 Livello emotivo legato al compito - Vicari-Pontillo, Panchieri, ACT.md;309;315;principale;
R4-A9;Mi aiuta questo pensiero?;D16;Integrare riscrivendo;"Conservare il rimando bibliografico nel repertorio; verificare la pagina del volume prima di una citazione nel manuale.";Assets (markdown)/Repertori skill piano intervento/4 Livello emotivo legato al compito - Vicari-Pontillo, Panchieri, ACT.md;316;322;principale;
R4-T1;"Le abitudini ""zombie""";S4;Integrare riscrivendo;"Conservare il rimando bibliografico nel repertorio; verificare la pagina del volume prima di una citazione nel manuale.";Assets (markdown)/Repertori skill piano intervento/4 Livello emotivo legato al compito - Vicari-Pontillo, Panchieri, ACT.md;325;331;principale;
R4-T2;"""Non ne ho voglia, e lo faccio lo stesso""";D14;Integrare riscrivendo;"Conservare il rimando bibliografico nel repertorio; verificare la pagina del volume prima di una citazione nel manuale.";Assets (markdown)/Repertori skill piano intervento/4 Livello emotivo legato al compito - Vicari-Pontillo, Panchieri, ACT.md;332;338;principale;
R4-T3;Leggere la noia;D16;Integrare riscrivendo;"Conservare il rimando bibliografico nel repertorio; verificare la pagina del volume prima di una citazione nel manuale.";Assets (markdown)/Repertori skill piano intervento/4 Livello emotivo legato al compito - Vicari-Pontillo, Panchieri, ACT.md;339;345;principale;
R4-T4;Foglie sul ruscello (versione breve);D12;Variante facoltativa;"Alternativa esperienziale breve; non necessaria per procedere e non condizione per eliminare ansia.";Assets (markdown)/Repertori skill piano intervento/4 Livello emotivo legato al compito - Vicari-Pontillo, Panchieri, ACT.md;346;352;principale;
R4-T5;Rinforzare i piccoli passi (shaping);D18;Riformulare;"Aiuti e feedback concordati; non sottrarre supporti necessari né usare premi/punizioni per imporre l’adesione.";Assets (markdown)/Repertori skill piano intervento/4 Livello emotivo legato al compito - Vicari-Pontillo, Panchieri, ACT.md;353;359;principale;
R4-T6;Allenare il richiamo (antidoto al vuoto);S26;Integrare riscrivendo;"Conservare il rimando bibliografico nel repertorio; verificare la pagina del volume prima di una citazione nel manuale.";Assets (markdown)/Repertori skill piano intervento/4 Livello emotivo legato al compito - Vicari-Pontillo, Panchieri, ACT.md;360;368;principale;
R2-MAP1;Differenza tra mappa concettuale e mappa mentale;S18, S20;Integrare riscrivendo;Sezione sulle mappe non inclusa nelle 34 tecniche numerate.;Assets (markdown)/Repertori skill piano intervento/2 Metacognizione, memoria e mappe - Oakley, Hartman, Rosati.md;197;208;supplementare;
R2-MAP2;Quando usare quale;S18;Integrare riscrivendo;Sezione sulle mappe non inclusa nelle 34 tecniche numerate.;Assets (markdown)/Repertori skill piano intervento/2 Metacognizione, memoria e mappe - Oakley, Hartman, Rosati.md;209;215;supplementare;
R2-MAP3;Costruire una mappa concettuale: procedura da insegnare al ragazzo;S19;Integrare riscrivendo;Sezione sulle mappe non inclusa nelle 34 tecniche numerate.;Assets (markdown)/Repertori skill piano intervento/2 Metacognizione, memoria e mappe - Oakley, Hartman, Rosati.md;216;228;supplementare;
R2-MAP4;Insegnare le mappe con scaffolding;S19;Integrare riscrivendo;Sezione sulle mappe non inclusa nelle 34 tecniche numerate.;Assets (markdown)/Repertori skill piano intervento/2 Metacognizione, memoria e mappe - Oakley, Hartman, Rosati.md;229;232;supplementare;
R2-MAP5;"Mappa + richiamo: la ""mappa a memoria""";S19, S26;Integrare riscrivendo;Sezione sulle mappe non inclusa nelle 34 tecniche numerate.;Assets (markdown)/Repertori skill piano intervento/2 Metacognizione, memoria e mappe - Oakley, Hartman, Rosati.md;233;236;supplementare;
R2-MAP6;Errori tipici;S19;Integrare riscrivendo;Sezione sulle mappe non inclusa nelle 34 tecniche numerate.;Assets (markdown)/Repertori skill piano intervento/2 Metacognizione, memoria e mappe - Oakley, Hartman, Rosati.md;237;247;supplementare;
R2-MAP7;La mappa come strumento compensativo in verifica (L. 170/2010);S25;Integrare riscrivendo;Sezione sulle mappe non inclusa nelle 34 tecniche numerate.;Assets (markdown)/Repertori skill piano intervento/2 Metacognizione, memoria e mappe - Oakley, Hartman, Rosati.md;248;252;supplementare;
R2-CICLO;Ciclo metacognitivo in seduta;CAP6;Riformulare;"Allineare al calendario unico del manuale; tappa G per modificare l’originale.";Assets (markdown)/Repertori skill piano intervento/2 Metacognizione, memoria e mappe - Oakley, Hartman, Rosati.md;253;282;supplementare;
R3-PRINCIPI;Principi trasversali (valgono per tutte le aree);CAP2, CAP37;Integrare riscrivendo;"Contesto d’uso; adattamenti e limiti da mantenere.";Assets (markdown)/Repertori skill piano intervento/3 Supporto compiti per area - Cornoldi, Italiano Speciale, Tablet, Ligabue.md;15;26;supplementare;
R3-LINGUE;Lingue straniere (i manuali ne parlano poco);S49, S50;Integrare riscrivendo;"Blocco non contato fra le 49 tecniche; la dispensa nelle lingue richiede condizioni specifiche, non discende automaticamente dalla diagnosi.";Assets (markdown)/Repertori skill piano intervento/3 Supporto compiti per area - Cornoldi, Italiano Speciale, Tablet, Ligabue.md;263;271;supplementare;
R3-LUDICA;Didattica ludica in seduta;CAP6, CAP42;Integrare riscrivendo;"Contesto d’uso; adattamenti e limiti da mantenere.";Assets (markdown)/Repertori skill piano intervento/3 Supporto compiti per area - Cornoldi, Italiano Speciale, Tablet, Ligabue.md;297;344;supplementare;
R3-TABLET;Tablet delle regole di matematica: come usarlo;S24, S46, S48;Integrare riscrivendo;"Contesto d’uso; adattamenti e limiti da mantenere.";Assets (markdown)/Repertori skill piano intervento/3 Supporto compiti per area - Cornoldi, Italiano Speciale, Tablet, Ligabue.md;345;383;supplementare;
R3-GIOCO01;Più o Meno;CAP6, CAP42;Opzione di setting;"Non indispensabile al percorso; età e funzioni nel repertorio non costituiscono prove di efficacia né indicazioni aggiornate d’acquisto.";Assets (markdown)/Repertori skill piano intervento/3 Supporto compiti per area - Cornoldi, Italiano Speciale, Tablet, Ligabue.md;312;312;supplementare;
R3-GIOCO02;Super Farmer;CAP6, CAP42;Opzione di setting;"Non indispensabile al percorso; età e funzioni nel repertorio non costituiscono prove di efficacia né indicazioni aggiornate d’acquisto.";Assets (markdown)/Repertori skill piano intervento/3 Supporto compiti per area - Cornoldi, Italiano Speciale, Tablet, Ligabue.md;313;313;supplementare;
R3-GIOCO03;Dragondado;CAP6, CAP42;Opzione di setting;"Non indispensabile al percorso; età e funzioni nel repertorio non costituiscono prove di efficacia né indicazioni aggiornate d’acquisto.";Assets (markdown)/Repertori skill piano intervento/3 Supporto compiti per area - Cornoldi, Italiano Speciale, Tablet, Ligabue.md;314;314;supplementare;
R3-GIOCO04;Manolesta;CAP6, CAP42;Opzione di setting;"Non indispensabile al percorso; età e funzioni nel repertorio non costituiscono prove di efficacia né indicazioni aggiornate d’acquisto.";Assets (markdown)/Repertori skill piano intervento/3 Supporto compiti per area - Cornoldi, Italiano Speciale, Tablet, Ligabue.md;315;315;supplementare;
R3-GIOCO05;Il Verme è tratto;CAP6, CAP42;Opzione di setting;"Non indispensabile al percorso; età e funzioni nel repertorio non costituiscono prove di efficacia né indicazioni aggiornate d’acquisto.";Assets (markdown)/Repertori skill piano intervento/3 Supporto compiti per area - Cornoldi, Italiano Speciale, Tablet, Ligabue.md;316;316;supplementare;
R3-GIOCO06;Rummikub;CAP6, CAP42;Opzione di setting;"Non indispensabile al percorso; età e funzioni nel repertorio non costituiscono prove di efficacia né indicazioni aggiornate d’acquisto.";Assets (markdown)/Repertori skill piano intervento/3 Supporto compiti per area - Cornoldi, Italiano Speciale, Tablet, Ligabue.md;317;317;supplementare;
R3-GIOCO07;Azul / Sagrada;CAP6, CAP42;Opzione di setting;"Non indispensabile al percorso; età e funzioni nel repertorio non costituiscono prove di efficacia né indicazioni aggiornate d’acquisto.";Assets (markdown)/Repertori skill piano intervento/3 Supporto compiti per area - Cornoldi, Italiano Speciale, Tablet, Ligabue.md;318;318;supplementare;
R3-GIOCO08;Stone Age;CAP6, CAP42;Opzione di setting;"Non indispensabile al percorso; età e funzioni nel repertorio non costituiscono prove di efficacia né indicazioni aggiornate d’acquisto.";Assets (markdown)/Repertori skill piano intervento/3 Supporto compiti per area - Cornoldi, Italiano Speciale, Tablet, Ligabue.md;319;319;supplementare;
R3-GIOCO09;I Coloni di Catan;CAP6, CAP42;Opzione di setting;"Non indispensabile al percorso; età e funzioni nel repertorio non costituiscono prove di efficacia né indicazioni aggiornate d’acquisto.";Assets (markdown)/Repertori skill piano intervento/3 Supporto compiti per area - Cornoldi, Italiano Speciale, Tablet, Ligabue.md;320;320;supplementare;
R3-GIOCO10;Zoom;CAP6, CAP42;Opzione di setting;"Non indispensabile al percorso; età e funzioni nel repertorio non costituiscono prove di efficacia né indicazioni aggiornate d’acquisto.";Assets (markdown)/Repertori skill piano intervento/3 Supporto compiti per area - Cornoldi, Italiano Speciale, Tablet, Ligabue.md;321;321;supplementare;
R3-GIOCO11;Kaleidos;CAP6, CAP42;Opzione di setting;"Non indispensabile al percorso; età e funzioni nel repertorio non costituiscono prove di efficacia né indicazioni aggiornate d’acquisto.";Assets (markdown)/Repertori skill piano intervento/3 Supporto compiti per area - Cornoldi, Italiano Speciale, Tablet, Ligabue.md;322;322;supplementare;
R3-GIOCO12;Co-Mix;CAP6, CAP42;Opzione di setting;"Non indispensabile al percorso; età e funzioni nel repertorio non costituiscono prove di efficacia né indicazioni aggiornate d’acquisto.";Assets (markdown)/Repertori skill piano intervento/3 Supporto compiti per area - Cornoldi, Italiano Speciale, Tablet, Ligabue.md;323;323;supplementare;
R3-GIOCO13;Dixit / Dream On;CAP6, CAP42;Opzione di setting;"Non indispensabile al percorso; età e funzioni nel repertorio non costituiscono prove di efficacia né indicazioni aggiornate d’acquisto.";Assets (markdown)/Repertori skill piano intervento/3 Supporto compiti per area - Cornoldi, Italiano Speciale, Tablet, Ligabue.md;324;324;supplementare;
R3-GIOCO14;Scarabeo / Concept;CAP6, CAP42;Opzione di setting;"Non indispensabile al percorso; età e funzioni nel repertorio non costituiscono prove di efficacia né indicazioni aggiornate d’acquisto.";Assets (markdown)/Repertori skill piano intervento/3 Supporto compiti per area - Cornoldi, Italiano Speciale, Tablet, Ligabue.md;325;325;supplementare;
R3-GIOCO15;Nome in codice;CAP6, CAP42;Opzione di setting;"Non indispensabile al percorso; età e funzioni nel repertorio non costituiscono prove di efficacia né indicazioni aggiornate d’acquisto.";Assets (markdown)/Repertori skill piano intervento/3 Supporto compiti per area - Cornoldi, Italiano Speciale, Tablet, Ligabue.md;326;326;supplementare;
R3-GIOCO16;Ouga Bouga;CAP6, CAP42;Opzione di setting;"Non indispensabile al percorso; età e funzioni nel repertorio non costituiscono prove di efficacia né indicazioni aggiornate d’acquisto.";Assets (markdown)/Repertori skill piano intervento/3 Supporto compiti per area - Cornoldi, Italiano Speciale, Tablet, Ligabue.md;327;327;supplementare;
R3-GIOCO17;Ho una fame che…;CAP6, CAP42;Opzione di setting;"Non indispensabile al percorso; età e funzioni nel repertorio non costituiscono prove di efficacia né indicazioni aggiornate d’acquisto.";Assets (markdown)/Repertori skill piano intervento/3 Supporto compiti per area - Cornoldi, Italiano Speciale, Tablet, Ligabue.md;328;328;supplementare;
R3-GIOCO18;Ruba memo;CAP6, CAP42;Opzione di setting;"Non indispensabile al percorso; età e funzioni nel repertorio non costituiscono prove di efficacia né indicazioni aggiornate d’acquisto.";Assets (markdown)/Repertori skill piano intervento/3 Supporto compiti per area - Cornoldi, Italiano Speciale, Tablet, Ligabue.md;329;329;supplementare;
R3-GIOCO19;Panic Lab;CAP6, CAP42;Opzione di setting;"Non indispensabile al percorso; età e funzioni nel repertorio non costituiscono prove di efficacia né indicazioni aggiornate d’acquisto.";Assets (markdown)/Repertori skill piano intervento/3 Supporto compiti per area - Cornoldi, Italiano Speciale, Tablet, Ligabue.md;330;330;supplementare;
R3-GIOCO20;Cortex;CAP6, CAP42;Opzione di setting;"Non indispensabile al percorso; età e funzioni nel repertorio non costituiscono prove di efficacia né indicazioni aggiornate d’acquisto.";Assets (markdown)/Repertori skill piano intervento/3 Supporto compiti per area - Cornoldi, Italiano Speciale, Tablet, Ligabue.md;331;331;supplementare;
R3-GIOCO21;Fantascatti;CAP6, CAP42;Opzione di setting;"Non indispensabile al percorso; età e funzioni nel repertorio non costituiscono prove di efficacia né indicazioni aggiornate d’acquisto.";Assets (markdown)/Repertori skill piano intervento/3 Supporto compiti per area - Cornoldi, Italiano Speciale, Tablet, Ligabue.md;332;332;supplementare;
R3-GIOCO22;Bicchieri Sprint;CAP6, CAP42;Opzione di setting;"Non indispensabile al percorso; età e funzioni nel repertorio non costituiscono prove di efficacia né indicazioni aggiornate d’acquisto.";Assets (markdown)/Repertori skill piano intervento/3 Supporto compiti per area - Cornoldi, Italiano Speciale, Tablet, Ligabue.md;333;333;supplementare;
R3-GIOCO23;Briscola;CAP6, CAP42;Opzione di setting;"Non indispensabile al percorso; età e funzioni nel repertorio non costituiscono prove di efficacia né indicazioni aggiornate d’acquisto.";Assets (markdown)/Repertori skill piano intervento/3 Supporto compiti per area - Cornoldi, Italiano Speciale, Tablet, Ligabue.md;334;334;supplementare;
R3-GIOCO24;Kingdomino;CAP6, CAP42;Opzione di setting;"Non indispensabile al percorso; età e funzioni nel repertorio non costituiscono prove di efficacia né indicazioni aggiornate d’acquisto.";Assets (markdown)/Repertori skill piano intervento/3 Supporto compiti per area - Cornoldi, Italiano Speciale, Tablet, Ligabue.md;335;335;supplementare;
R3-GIOCO25;Ticket to Ride;CAP6, CAP42;Opzione di setting;"Non indispensabile al percorso; età e funzioni nel repertorio non costituiscono prove di efficacia né indicazioni aggiornate d’acquisto.";Assets (markdown)/Repertori skill piano intervento/3 Supporto compiti per area - Cornoldi, Italiano Speciale, Tablet, Ligabue.md;336;336;supplementare;
R3-GIOCO26;Carcassonne;CAP6, CAP42;Opzione di setting;"Non indispensabile al percorso; età e funzioni nel repertorio non costituiscono prove di efficacia né indicazioni aggiornate d’acquisto.";Assets (markdown)/Repertori skill piano intervento/3 Supporto compiti per area - Cornoldi, Italiano Speciale, Tablet, Ligabue.md;337;337;supplementare;
R3-GIOCO27;Jamaica;CAP6, CAP42;Opzione di setting;"Non indispensabile al percorso; età e funzioni nel repertorio non costituiscono prove di efficacia né indicazioni aggiornate d’acquisto.";Assets (markdown)/Repertori skill piano intervento/3 Supporto compiti per area - Cornoldi, Italiano Speciale, Tablet, Ligabue.md;338;338;supplementare;
R3-GIOCO28;Pandemia;CAP6, CAP42;Opzione di setting;"Non indispensabile al percorso; età e funzioni nel repertorio non costituiscono prove di efficacia né indicazioni aggiornate d’acquisto.";Assets (markdown)/Repertori skill piano intervento/3 Supporto compiti per area - Cornoldi, Italiano Speciale, Tablet, Ligabue.md;339;339;supplementare;
SCH-MAP-01;Quale schema ti serve?;S18;Materiale pronto;"Materiale già pronto: selezionare secondo compito, classe e prerequisiti; il rimando non sostituisce la spiegazione nel manuale.";Studiare con il DNA-V - materiali per la redazione/01 Schedario di Studio/Schedario di Studio - le schede in testo.md;126;140;principale;
SCH-MAP-02;Costruire una mappa in cinque passi;S19;Materiale pronto;"Materiale già pronto: selezionare secondo compito, classe e prerequisiti; il rimando non sostituisce la spiegazione nel manuale.";Studiare con il DNA-V - materiali per la redazione/01 Schedario di Studio/Schedario di Studio - le schede in testo.md;141;153;principale;
SCH-MAP-03;La mappa-copia;S19;Materiale pronto;"Materiale già pronto: selezionare secondo compito, classe e prerequisiti; il rimando non sostituisce la spiegazione nel manuale.";Studiare con il DNA-V - materiali per la redazione/01 Schedario di Studio/Schedario di Studio - le schede in testo.md;154;174;principale;
SCH-MAP-04;I verbi che legano;S19;Materiale pronto;"Materiale già pronto: selezionare secondo compito, classe e prerequisiti; il rimando non sostituisce la spiegazione nel manuale.";Studiare con il DNA-V - materiali per la redazione/01 Schedario di Studio/Schedario di Studio - le schede in testo.md;175;193;principale;
SCH-MAP-05;Esempio svolto: la Prima guerra mondiale;S19, S41;Materiale pronto;"Materiale già pronto: selezionare secondo compito, classe e prerequisiti; il rimando non sostituisce la spiegazione nel manuale.";Studiare con il DNA-V - materiali per la redazione/01 Schedario di Studio/Schedario di Studio - le schede in testo.md;194;216;principale;
SCH-MAP-06;Esempio svolto: l'apparato respiratorio;S19, S41;Materiale pronto;"Materiale già pronto: selezionare secondo compito, classe e prerequisiti; il rimando non sostituisce la spiegazione nel manuale.";Studiare con il DNA-V - materiali per la redazione/01 Schedario di Studio/Schedario di Studio - le schede in testo.md;217;237;principale;
SCH-MAP-07;Esempio svolto: mappare un autore;S19, S41;Materiale pronto;"Materiale già pronto: selezionare secondo compito, classe e prerequisiti; il rimando non sostituisce la spiegazione nel manuale.";Studiare con il DNA-V - materiali per la redazione/01 Schedario di Studio/Schedario di Studio - le schede in testo.md;238;259;principale;
SCH-MAP-08;Scheletro: evento storico;S21, S41;Materiale pronto;"Materiale già pronto: selezionare secondo compito, classe e prerequisiti; il rimando non sostituisce la spiegazione nel manuale.";Studiare con il DNA-V - materiali per la redazione/01 Schedario di Studio/Schedario di Studio - le schede in testo.md;260;286;principale;
SCH-MAP-09;Scheletro: processo;S23, S41;Materiale pronto;"Materiale già pronto: selezionare secondo compito, classe e prerequisiti; il rimando non sostituisce la spiegazione nel manuale.";Studiare con il DNA-V - materiali per la redazione/01 Schedario di Studio/Schedario di Studio - le schede in testo.md;287;307;principale;
SCH-MAP-10;Scheletro: confronto fra due;S22;Materiale pronto;"Materiale già pronto: selezionare secondo compito, classe e prerequisiti; il rimando non sostituisce la spiegazione nel manuale.";Studiare con il DNA-V - materiali per la redazione/01 Schedario di Studio/Schedario di Studio - le schede in testo.md;308;332;principale;
SCH-MAP-11;Dalla mappa all'esposizione orale;S32;Materiale pronto;"Materiale già pronto: selezionare secondo compito, classe e prerequisiti; il rimando non sostituisce la spiegazione nel manuale.";Studiare con il DNA-V - materiali per la redazione/01 Schedario di Studio/Schedario di Studio - le schede in testo.md;333;346;principale;
SCH-MET-01;Le tecniche che funzionano davvero;CAP4, S26, S27;Materiale pronto;"Materiale già pronto: selezionare secondo compito, classe e prerequisiti; il rimando non sostituisce la spiegazione nel manuale.";Studiare con il DNA-V - materiali per la redazione/01 Schedario di Studio/Schedario di Studio - le schede in testo.md;347;369;principale;
SCH-MET-02;Recupero attivo: come si fa;S26;Materiale pronto;"Materiale già pronto: selezionare secondo compito, classe e prerequisiti; il rimando non sostituisce la spiegazione nel manuale.";Studiare con il DNA-V - materiali per la redazione/01 Schedario di Studio/Schedario di Studio - le schede in testo.md;370;387;principale;
SCH-MET-03;Il calendario del ripasso;S27;Materiale pronto;"Materiale già pronto: selezionare secondo compito, classe e prerequisiti; il rimando non sostituisce la spiegazione nel manuale.";Studiare con il DNA-V - materiali per la redazione/01 Schedario di Studio/Schedario di Studio - le schede in testo.md;388;407;principale;
SCH-MET-04;Doppia codifica;S28;Materiale pronto;"Materiale già pronto: selezionare secondo compito, classe e prerequisiti; il rimando non sostituisce la spiegazione nel manuale.";Studiare con il DNA-V - materiali per la redazione/01 Schedario di Studio/Schedario di Studio - le schede in testo.md;408;427;principale;
SCH-MET-05;Quello che non funziona quanto sembra;CAP4;Materiale pronto;"Materiale già pronto: selezionare secondo compito, classe e prerequisiti; il rimando non sostituisce la spiegazione nel manuale.";Studiare con il DNA-V - materiali per la redazione/01 Schedario di Studio/Schedario di Studio - le schede in testo.md;428;443;principale;
SCH-MET-06;Come si legge un capitolo;S9, S10, S11;Materiale pronto;"Materiale già pronto: selezionare secondo compito, classe e prerequisiti; il rimando non sostituisce la spiegazione nel manuale.";Studiare con il DNA-V - materiali per la redazione/01 Schedario di Studio/Schedario di Studio - le schede in testo.md;444;467;principale;
SCH-MET-07;Strumenti compensativi e misure dispensative;S38, C3, CAP5;Materiale pronto;"Materiale già pronto: selezionare secondo compito, classe e prerequisiti; il rimando non sostituisce la spiegazione nel manuale.";Studiare con il DNA-V - materiali per la redazione/01 Schedario di Studio/Schedario di Studio - le schede in testo.md;468;494;principale;
SCH-MET-08;La settimana, su un foglio solo;S2;Materiale pronto;"Materiale già pronto: selezionare secondo compito, classe e prerequisiti; il rimando non sostituisce la spiegazione nel manuale.";Studiare con il DNA-V - materiali per la redazione/01 Schedario di Studio/Schedario di Studio - le schede in testo.md;495;512;principale;
SCH-AUT-01;L'attenzione è una batteria;S5;Materiale pronto;"La batteria è una metafora, non un modello quantitativo dell’attenzione; osservare la persona e il compito.";Studiare con il DNA-V - materiali per la redazione/01 Schedario di Studio/Schedario di Studio - le schede in testo.md;513;529;principale;
SCH-AUT-02;L'errore è un'informazione;S37;Materiale pronto;"Materiale già pronto: selezionare secondo compito, classe e prerequisiti; il rimando non sostituisce la spiegazione nel manuale.";Studiare con il DNA-V - materiali per la redazione/01 Schedario di Studio/Schedario di Studio - le schede in testo.md;530;546;principale;
SCH-AUT-03;L'ansia prima di una verifica;D12, D22, S33;Materiale pronto;"Materiale già pronto: selezionare secondo compito, classe e prerequisiti; il rimando non sostituisce la spiegazione nel manuale.";Studiare con il DNA-V - materiali per la redazione/01 Schedario di Studio/Schedario di Studio - le schede in testo.md;547;570;principale;
SCH-AUT-04;I primi cinque minuti di una verifica;S35;Materiale pronto;"Materiale già pronto: selezionare secondo compito, classe e prerequisiti; il rimando non sostituisce la spiegazione nel manuale.";Studiare con il DNA-V - materiali per la redazione/01 Schedario di Studio/Schedario di Studio - le schede in testo.md;571;585;principale;
SCH-AUT-05;Due modi di spiegarsi un brutto voto;D18, S37;Materiale pronto;"Materiale già pronto: selezionare secondo compito, classe e prerequisiti; il rimando non sostituisce la spiegazione nel manuale.";Studiare con il DNA-V - materiali per la redazione/01 Schedario di Studio/Schedario di Studio - le schede in testo.md;586;610;principale;
SCH-AUT-06;La settimana dell'esame;S34;Materiale pronto;"Materiale già pronto: selezionare secondo compito, classe e prerequisiti; il rimando non sostituisce la spiegazione nel manuale.";Studiare con il DNA-V - materiali per la redazione/01 Schedario di Studio/Schedario di Studio - le schede in testo.md;611;626;principale;
SCH-AUT-07;Per i genitori: cosa aiuta, cosa peggiora;CAP51;Materiale pronto;"Materiale già pronto: selezionare secondo compito, classe e prerequisiti; il rimando non sostituisce la spiegazione nel manuale.";Studiare con il DNA-V - materiali per la redazione/01 Schedario di Studio/Schedario di Studio - le schede in testo.md;627;651;principale;
SCH-AUT-08;Segnali di allarme e criteri di invio;CAP5, CAP13;Superata: non distribuire come confine del manuale;Ruolo descritto come solo educativo: nel manuale è previsto anche sostegno psicologico. Correzione dell’originale rinviata alla tappa G.;Studiare con il DNA-V - materiali per la redazione/01 Schedario di Studio/Schedario di Studio - le schede in testo.md;652;684;principale;
SCH-MAT-01;Le quattro operazioni con le frazioni;S45, S46;Materiale pronto;"Materiale già pronto: selezionare secondo compito, classe e prerequisiti; il rimando non sostituisce la spiegazione nel manuale.";Studiare con il DNA-V - materiali per la redazione/01 Schedario di Studio/Schedario di Studio - le schede in testo.md;685;705;principale;
SCH-MAT-02;Frazione, decimale, percentuale;S45;Materiale pronto;"Materiale già pronto: selezionare secondo compito, classe e prerequisiti; il rimando non sostituisce la spiegazione nel manuale.";Studiare con il DNA-V - materiali per la redazione/01 Schedario di Studio/Schedario di Studio - le schede in testo.md;706;728;principale;
SCH-MAT-03;Proporzioni;S46;Materiale pronto;"Materiale già pronto: selezionare secondo compito, classe e prerequisiti; il rimando non sostituisce la spiegazione nel manuale.";Studiare con il DNA-V - materiali per la redazione/01 Schedario di Studio/Schedario di Studio - le schede in testo.md;729;751;principale;
SCH-MAT-04;Percentuali: le tre domande;S46, S47;Materiale pronto;"Materiale già pronto: selezionare secondo compito, classe e prerequisiti; il rimando non sostituisce la spiegazione nel manuale.";Studiare con il DNA-V - materiali per la redazione/01 Schedario di Studio/Schedario di Studio - le schede in testo.md;752;773;principale;
SCH-MAT-05;Proprietà delle potenze;S46;Materiale pronto;"Materiale già pronto: selezionare secondo compito, classe e prerequisiti; il rimando non sostituisce la spiegazione nel manuale.";Studiare con il DNA-V - materiali per la redazione/01 Schedario di Studio/Schedario di Studio - le schede in testo.md;774;801;principale;
SCH-MAT-06;Espressioni: in che ordine si fa;S46;Materiale pronto;"Materiale già pronto: selezionare secondo compito, classe e prerequisiti; il rimando non sostituisce la spiegazione nel manuale.";Studiare con il DNA-V - materiali per la redazione/01 Schedario di Studio/Schedario di Studio - le schede in testo.md;802;816;principale;
SCH-MAT-07;Equazioni di primo grado;S46;Materiale pronto;"Materiale già pronto: selezionare secondo compito, classe e prerequisiti; il rimando non sostituisce la spiegazione nel manuale.";Studiare con il DNA-V - materiali per la redazione/01 Schedario di Studio/Schedario di Studio - le schede in testo.md;817;834;principale;
SCH-MAT-08;Le formule inverse;S48;Materiale pronto;"Materiale già pronto: selezionare secondo compito, classe e prerequisiti; il rimando non sostituisce la spiegazione nel manuale.";Studiare con il DNA-V - materiali per la redazione/01 Schedario di Studio/Schedario di Studio - le schede in testo.md;835;858;principale;
SCH-MAT-09;Figure piane: perimetri e aree;S48;Materiale pronto;"Materiale già pronto: selezionare secondo compito, classe e prerequisiti; il rimando non sostituisce la spiegazione nel manuale.";Studiare con il DNA-V - materiali per la redazione/01 Schedario di Studio/Schedario di Studio - le schede in testo.md;859;879;principale;
SCH-MAT-10;Teorema di Pitagora;S48;Materiale pronto;"Materiale già pronto: selezionare secondo compito, classe e prerequisiti; il rimando non sostituisce la spiegazione nel manuale.";Studiare con il DNA-V - materiali per la redazione/01 Schedario di Studio/Schedario di Studio - le schede in testo.md;880;902;principale;
SCH-MAT-11;Cerchio e circonferenza;S48;Materiale pronto;"Materiale già pronto: selezionare secondo compito, classe e prerequisiti; il rimando non sostituisce la spiegazione nel manuale.";Studiare con il DNA-V - materiali per la redazione/01 Schedario di Studio/Schedario di Studio - le schede in testo.md;903;923;principale;
SCH-MAT-12;Solidi: superfici e volumi;S48;Materiale pronto;"Materiale già pronto: selezionare secondo compito, classe e prerequisiti; il rimando non sostituisce la spiegazione nel manuale.";Studiare con il DNA-V - materiali per la redazione/01 Schedario di Studio/Schedario di Studio - le schede in testo.md;924;942;principale;
SCH-MAT-13;Numeri relativi: le regole dei segni;S45, S46;Materiale pronto;"Materiale già pronto: selezionare secondo compito, classe e prerequisiti; il rimando non sostituisce la spiegazione nel manuale.";Studiare con il DNA-V - materiali per la redazione/01 Schedario di Studio/Schedario di Studio - le schede in testo.md;943;963;principale;
SCH-MAT-14;Tabelline: strategie invece di memoria;S45;Materiale pronto;"Materiale già pronto: selezionare secondo compito, classe e prerequisiti; il rimando non sostituisce la spiegazione nel manuale.";Studiare con il DNA-V - materiali per la redazione/01 Schedario di Studio/Schedario di Studio - le schede in testo.md;964;983;principale;
SCH-MAT-15;Risolvere un problema;S47;Materiale pronto;"Materiale già pronto: selezionare secondo compito, classe e prerequisiti; il rimando non sostituisce la spiegazione nel manuale.";Studiare con il DNA-V - materiali per la redazione/01 Schedario di Studio/Schedario di Studio - le schede in testo.md;984;1004;principale;
SCH-ITA-01;Analisi grammaticale: il percorso;S44;Materiale pronto;"Materiale già pronto: selezionare secondo compito, classe e prerequisiti; il rimando non sostituisce la spiegazione nel manuale.";Studiare con il DNA-V - materiali per la redazione/01 Schedario di Studio/Schedario di Studio - le schede in testo.md;1005;1027;principale;
SCH-ITA-02;Le nove parti del discorso;S44;Materiale pronto;"Materiale già pronto: selezionare secondo compito, classe e prerequisiti; il rimando non sostituisce la spiegazione nel manuale.";Studiare con il DNA-V - materiali per la redazione/01 Schedario di Studio/Schedario di Studio - le schede in testo.md;1028;1046;principale;
SCH-ITA-03;Il verbo, in otto caselle;S44;Materiale pronto;"Materiale già pronto: selezionare secondo compito, classe e prerequisiti; il rimando non sostituisce la spiegazione nel manuale.";Studiare con il DNA-V - materiali per la redazione/01 Schedario di Studio/Schedario di Studio - le schede in testo.md;1047;1068;principale;
SCH-ITA-04;Analisi logica: il percorso;S44;Materiale pronto;"Materiale già pronto: selezionare secondo compito, classe e prerequisiti; il rimando non sostituisce la spiegazione nel manuale.";Studiare con il DNA-V - materiali per la redazione/01 Schedario di Studio/Schedario di Studio - le schede in testo.md;1069;1085;principale;
SCH-ITA-05;I complementi e la domanda che li riconosce;S44;Materiale pronto;"Materiale già pronto: selezionare secondo compito, classe e prerequisiti; il rimando non sostituisce la spiegazione nel manuale.";Studiare con il DNA-V - materiali per la redazione/01 Schedario di Studio/Schedario di Studio - le schede in testo.md;1086;1119;principale;
SCH-ITA-06;Analisi logica: un esempio dall'inizio alla fine;S44;Materiale pronto;"Materiale già pronto: selezionare secondo compito, classe e prerequisiti; il rimando non sostituisce la spiegazione nel manuale.";Studiare con il DNA-V - materiali per la redazione/01 Schedario di Studio/Schedario di Studio - le schede in testo.md;1120;1141;principale;
SCH-ITA-07;Analisi del periodo: il percorso;S44;Materiale pronto;"Materiale già pronto: selezionare secondo compito, classe e prerequisiti; il rimando non sostituisce la spiegazione nel manuale.";Studiare con il DNA-V - materiali per la redazione/01 Schedario di Studio/Schedario di Studio - le schede in testo.md;1142;1161;principale;
SCH-ITA-08;Le subordinate più frequenti;S44;Materiale pronto;"Materiale già pronto: selezionare secondo compito, classe e prerequisiti; il rimando non sostituisce la spiegazione nel manuale.";Studiare con il DNA-V - materiali per la redazione/01 Schedario di Studio/Schedario di Studio - le schede in testo.md;1162;1195;principale;
SCH-ITA-09;Analisi del periodo: un esempio svolto;S44;Materiale pronto;"Materiale già pronto: selezionare secondo compito, classe e prerequisiti; il rimando non sostituisce la spiegazione nel manuale.";Studiare con il DNA-V - materiali per la redazione/01 Schedario di Studio/Schedario di Studio - le schede in testo.md;1196;1220;principale;
SCH-MAT-16;Prodotti notevoli;S46;Materiale pronto;"Esempio curricolare prevalentemente 14–16; non introdurre anticipatamente né dedurre prerequisiti dalla sola età.";Studiare con il DNA-V - materiali per la redazione/01 Schedario di Studio/Schedario di Studio - le schede in testo.md;1221;1238;principale;
SCH-MAT-17;Scomporre in fattori: in che ordine provare;S46;Materiale pronto;"Esempio curricolare prevalentemente 14–16; non introdurre anticipatamente né dedurre prerequisiti dalla sola età.";Studiare con il DNA-V - materiali per la redazione/01 Schedario di Studio/Schedario di Studio - le schede in testo.md;1239;1255;principale;
SCH-MAT-18;Monomi e polinomi;S46;Materiale pronto;"Esempio curricolare prevalentemente 14–16; non introdurre anticipatamente né dedurre prerequisiti dalla sola età.";Studiare con il DNA-V - materiali per la redazione/01 Schedario di Studio/Schedario di Studio - le schede in testo.md;1256;1276;principale;
SCH-MAT-19;Radicali;S46;Materiale pronto;"Esempio curricolare prevalentemente 14–16; non introdurre anticipatamente né dedurre prerequisiti dalla sola età.";Studiare con il DNA-V - materiali per la redazione/01 Schedario di Studio/Schedario di Studio - le schede in testo.md;1277;1295;principale;
SCH-MAT-20;Equazioni di secondo grado;S46;Materiale pronto;"Esempio curricolare prevalentemente 14–16; non introdurre anticipatamente né dedurre prerequisiti dalla sola età.";Studiare con il DNA-V - materiali per la redazione/01 Schedario di Studio/Schedario di Studio - le schede in testo.md;1296;1325;principale;
SCH-MAT-21;Disequazioni e regola dei segni;S46;Materiale pronto;"Esempio curricolare prevalentemente 14–16; non introdurre anticipatamente né dedurre prerequisiti dalla sola età.";Studiare con il DNA-V - materiali per la redazione/01 Schedario di Studio/Schedario di Studio - le schede in testo.md;1326;1352;principale;
SCH-MAT-22;Piano cartesiano e retta;S48;Materiale pronto;"Esempio curricolare prevalentemente 14–16; non introdurre anticipatamente né dedurre prerequisiti dalla sola età.";Studiare con il DNA-V - materiali per la redazione/01 Schedario di Studio/Schedario di Studio - le schede in testo.md;1353;1376;principale;
SCH-MAT-23;La parabola;S48;Materiale pronto;"Esempio curricolare prevalentemente 14–16; non introdurre anticipatamente né dedurre prerequisiti dalla sola età.";Studiare con il DNA-V - materiali per la redazione/01 Schedario di Studio/Schedario di Studio - le schede in testo.md;1377;1392;principale;
SCH-MAT-24;Sistemi lineari: quale metodo scegliere;S46;Materiale pronto;"Esempio curricolare prevalentemente 14–16; non introdurre anticipatamente né dedurre prerequisiti dalla sola età.";Studiare con il DNA-V - materiali per la redazione/01 Schedario di Studio/Schedario di Studio - le schede in testo.md;1393;1418;principale;
SCH-MAT-25;Frazioni algebriche;S46;Materiale pronto;"Esempio curricolare prevalentemente 14–16; non introdurre anticipatamente né dedurre prerequisiti dalla sola età.";Studiare con il DNA-V - materiali per la redazione/01 Schedario di Studio/Schedario di Studio - le schede in testo.md;1419;1432;principale;
SCH-MAT-26;Trigonometria nel triangolo rettangolo;S48;Materiale pronto;"Esempio curricolare prevalentemente 14–16; non introdurre anticipatamente né dedurre prerequisiti dalla sola età.";Studiare con il DNA-V - materiali per la redazione/01 Schedario di Studio/Schedario di Studio - le schede in testo.md;1433;1456;principale;
SCH-MAT-27;Media, mediana, moda;S45;Materiale pronto;"Esempio curricolare prevalentemente 14–16; non introdurre anticipatamente né dedurre prerequisiti dalla sola età.";Studiare con il DNA-V - materiali per la redazione/01 Schedario di Studio/Schedario di Studio - le schede in testo.md;1457;1472;principale;
SCH-ITA-10;Il periodo ipotetico;S44;Materiale pronto;"Materiale già pronto: selezionare secondo compito, classe e prerequisiti; il rimando non sostituisce la spiegazione nel manuale.";Studiare con il DNA-V - materiali per la redazione/01 Schedario di Studio/Schedario di Studio - le schede in testo.md;1473;1492;principale;
SCH-ITA-11;Subordinate implicite;S44;Materiale pronto;"Materiale già pronto: selezionare secondo compito, classe e prerequisiti; il rimando non sostituisce la spiegazione nel manuale.";Studiare con il DNA-V - materiali per la redazione/01 Schedario di Studio/Schedario di Studio - le schede in testo.md;1493;1515;principale;
SCH-ITA-12;Le figure retoriche essenziali;S13, S41;Materiale pronto;"Materiale già pronto: selezionare secondo compito, classe e prerequisiti; il rimando non sostituisce la spiegazione nel manuale.";Studiare con il DNA-V - materiali per la redazione/01 Schedario di Studio/Schedario di Studio - le schede in testo.md;1516;1546;principale;
SCH-MAP-12;Mappare un testo argomentativo;S42, S19;Materiale pronto;"Materiale già pronto: selezionare secondo compito, classe e prerequisiti; il rimando non sostituisce la spiegazione nel manuale.";Studiare con il DNA-V - materiali per la redazione/01 Schedario di Studio/Schedario di Studio - le schede in testo.md;1547;1571;principale;
SCH-MAP-13;Dagli appunti alla mappa;S17, S19;Materiale pronto;"Materiale già pronto: selezionare secondo compito, classe e prerequisiti; il rimando non sostituisce la spiegazione nel manuale.";Studiare con il DNA-V - materiali per la redazione/01 Schedario di Studio/Schedario di Studio - le schede in testo.md;1572;1585;principale;
SCH-MET-09;Prendere appunti mentre si segue;S17;Materiale pronto;"Materiale già pronto: selezionare secondo compito, classe e prerequisiti; il rimando non sostituisce la spiegazione nel manuale.";Studiare con il DNA-V - materiali per la redazione/01 Schedario di Studio/Schedario di Studio - le schede in testo.md;1586;1613;principale;
SCH-MET-10;Prepararsi a uno scritto di matematica;S34, S36, S46;Materiale pronto;"Materiale già pronto: selezionare secondo compito, classe e prerequisiti; il rimando non sostituisce la spiegazione nel manuale.";Studiare con il DNA-V - materiali per la redazione/01 Schedario di Studio/Schedario di Studio - le schede in testo.md;1614;1627;principale;
SCH-AUT-09;Rimandare;S4, D21;Materiale pronto;"Materiale già pronto: selezionare secondo compito, classe e prerequisiti; il rimando non sostituisce la spiegazione nel manuale.";Studiare con il DNA-V - materiali per la redazione/01 Schedario di Studio/Schedario di Studio - le schede in testo.md;1628;1648;principale;
SCH-AUT-10;Quando le materie sono sette;S7;Materiale pronto;"Materiale già pronto: selezionare secondo compito, classe e prerequisiti; il rimando non sostituisce la spiegazione nel manuale.";Studiare con il DNA-V - materiali per la redazione/01 Schedario di Studio/Schedario di Studio - le schede in testo.md;1649;1673;principale;
SCH-AUT-11;Il sonno fa parte del metodo di studio;S31;Materiale pronto;"Materiale già pronto: selezionare secondo compito, classe e prerequisiti; il rimando non sostituisce la spiegazione nel manuale.";Studiare con il DNA-V - materiali per la redazione/01 Schedario di Studio/Schedario di Studio - le schede in testo.md;1674;1695;principale;
SCH-MAT-28;Mettere in colonna;S45;Materiale pronto;"Materiale già pronto: selezionare secondo compito, classe e prerequisiti; il rimando non sostituisce la spiegazione nel manuale.";Studiare con il DNA-V - materiali per la redazione/01 Schedario di Studio/Schedario di Studio - le schede in testo.md;1696;1710;principale;
SCH-MAT-29;La divisione in colonna;S45, S46;Materiale pronto;"Materiale già pronto: selezionare secondo compito, classe e prerequisiti; il rimando non sostituisce la spiegazione nel manuale.";Studiare con il DNA-V - materiali per la redazione/01 Schedario di Studio/Schedario di Studio - le schede in testo.md;1711;1725;principale;
SCH-MAT-30;Il valore delle cifre;S45;Materiale pronto;"Materiale già pronto: selezionare secondo compito, classe e prerequisiti; il rimando non sostituisce la spiegazione nel manuale.";Studiare con il DNA-V - materiali per la redazione/01 Schedario di Studio/Schedario di Studio - le schede in testo.md;1726;1745;principale;
SCH-MAT-31;Le frazioni: che cosa sono davvero;S45;Materiale pronto;"Materiale già pronto: selezionare secondo compito, classe e prerequisiti; il rimando non sostituisce la spiegazione nel manuale.";Studiare con il DNA-V - materiali per la redazione/01 Schedario di Studio/Schedario di Studio - le schede in testo.md;1746;1768;principale;
SCH-MAT-32;Le misure e le equivalenze;S48;Materiale pronto;"Materiale già pronto: selezionare secondo compito, classe e prerequisiti; il rimando non sostituisce la spiegazione nel manuale.";Studiare con il DNA-V - materiali per la redazione/01 Schedario di Studio/Schedario di Studio - le schede in testo.md;1769;1792;principale;
SCH-MAT-33;Perimetro e area: due cose diverse;S48;Materiale pronto;"Materiale già pronto: selezionare secondo compito, classe e prerequisiti; il rimando non sostituisce la spiegazione nel manuale.";Studiare con il DNA-V - materiali per la redazione/01 Schedario di Studio/Schedario di Studio - le schede in testo.md;1793;1811;principale;
SCH-MAT-34;Il problema, in quattro caselle;S47;Materiale pronto;"Materiale già pronto: selezionare secondo compito, classe e prerequisiti; il rimando non sostituisce la spiegazione nel manuale.";Studiare con il DNA-V - materiali per la redazione/01 Schedario di Studio/Schedario di Studio - le schede in testo.md;1812;1829;principale;
SCH-MAT-35;Multipli, divisori e numeri primi;S45, S46;Materiale pronto;"Materiale già pronto: selezionare secondo compito, classe e prerequisiti; il rimando non sostituisce la spiegazione nel manuale.";Studiare con il DNA-V - materiali per la redazione/01 Schedario di Studio/Schedario di Studio - le schede in testo.md;1830;1856;principale;
SCH-ITA-13;Le parole, divise in gruppi;S44;Materiale pronto;"Materiale già pronto: selezionare secondo compito, classe e prerequisiti; il rimando non sostituisce la spiegazione nel manuale.";Studiare con il DNA-V - materiali per la redazione/01 Schedario di Studio/Schedario di Studio - le schede in testo.md;1857;1874;principale;
SCH-ITA-14;Il verbo alla primaria;S44;Materiale pronto;"Materiale già pronto: selezionare secondo compito, classe e prerequisiti; il rimando non sostituisce la spiegazione nel manuale.";Studiare con il DNA-V - materiali per la redazione/01 Schedario di Studio/Schedario di Studio - le schede in testo.md;1875;1898;principale;
SCH-ITA-15;Chi fa, che cosa fa, e il resto;S44;Materiale pronto;"Materiale già pronto: selezionare secondo compito, classe e prerequisiti; il rimando non sostituisce la spiegazione nel manuale.";Studiare con il DNA-V - materiali per la redazione/01 Schedario di Studio/Schedario di Studio - le schede in testo.md;1899;1920;principale;
SCH-ITA-16;Le regole di ortografia che si sbagliano di più;S43;Materiale pronto;"Materiale già pronto: selezionare secondo compito, classe e prerequisiti; il rimando non sostituisce la spiegazione nel manuale.";Studiare con il DNA-V - materiali per la redazione/01 Schedario di Studio/Schedario di Studio - le schede in testo.md;1921;1939;principale;
SCH-MAP-14;La prima mappa;S19;Materiale pronto;"Materiale già pronto: selezionare secondo compito, classe e prerequisiti; il rimando non sostituisce la spiegazione nel manuale.";Studiare con il DNA-V - materiali per la redazione/01 Schedario di Studio/Schedario di Studio - le schede in testo.md;1940;1956;principale;
SCH-MET-11;Come si studia una pagina;S9, S10;Materiale pronto;"Materiale già pronto: selezionare secondo compito, classe e prerequisiti; il rimando non sostituisce la spiegazione nel manuale.";Studiare con il DNA-V - materiali per la redazione/01 Schedario di Studio/Schedario di Studio - le schede in testo.md;1957;1969;principale;
SCH-MET-12;Il diario e lo zaino;S1;Materiale pronto;"Materiale già pronto: selezionare secondo compito, classe e prerequisiti; il rimando non sostituisce la spiegazione nel manuale.";Studiare con il DNA-V - materiali per la redazione/01 Schedario di Studio/Schedario di Studio - le schede in testo.md;1970;1989;principale;
SCH-AUT-12;Quanto dura un pezzo di compiti;S3, S5;Materiale pronto;"Materiale già pronto: selezionare secondo compito, classe e prerequisiti; il rimando non sostituisce la spiegazione nel manuale.";Studiare con il DNA-V - materiali per la redazione/01 Schedario di Studio/Schedario di Studio - le schede in testo.md;1990;2010;principale;
SCH-AUT-13;Il quaderno pieno di rosso;S37, D25;Materiale pronto;"Materiale già pronto: selezionare secondo compito, classe e prerequisiti; il rimando non sostituisce la spiegazione nel manuale.";Studiare con il DNA-V - materiali per la redazione/01 Schedario di Studio/Schedario di Studio - le schede in testo.md;2011;2027;principale;
LAB-matematica-studente;Equazioni di primo grado;S46;Materiale pronto;"Risorsa complementare: esempio, traccia o guida; versione studente e tutor non sono doppioni eliminabili.";Studiare con il DNA-V - materiali per la redazione/03 Laboratorio in testo/Laboratorio studio DSA - risorse in testo.md;142;225;principale;Materie\Matematica\Equazioni di primo grado\Studente\matematica-studente.pdf
LAB-matematica-tutor;Guida e soluzioni - Matematica;S46;Materiale pronto;"Risorsa complementare: esempio, traccia o guida; versione studente e tutor non sono doppioni eliminabili.";Studiare con il DNA-V - materiali per la redazione/03 Laboratorio in testo/Laboratorio studio DSA - risorse in testo.md;226;259;principale;Materie\Matematica\Equazioni di primo grado\Tutor\matematica-tutor.pdf
LAB-storia-studente;Prima guerra mondiale;S19, S41;Materiale pronto;"Risorsa complementare: esempio, traccia o guida; versione studente e tutor non sono doppioni eliminabili.";Studiare con il DNA-V - materiali per la redazione/03 Laboratorio in testo/Laboratorio studio DSA - risorse in testo.md;260;333;principale;Materie\Storia\Prima guerra mondiale\Studente\storia-studente.pdf
LAB-storia-tutor;Guida e soluzioni - Storia;S19, S41;Materiale pronto;"Risorsa complementare: esempio, traccia o guida; versione studente e tutor non sono doppioni eliminabili.";Studiare con il DNA-V - materiali per la redazione/03 Laboratorio in testo/Laboratorio studio DSA - risorse in testo.md;334;365;principale;Materie\Storia\Prima guerra mondiale\Tutor\storia-tutor.pdf
LAB-scienze-studente;Elettricità;S19, S41;Materiale pronto;"Risorsa complementare: esempio, traccia o guida; versione studente e tutor non sono doppioni eliminabili.";Studiare con il DNA-V - materiali per la redazione/03 Laboratorio in testo/Laboratorio studio DSA - risorse in testo.md;366;450;principale;Materie\Scienze\Elettricità\Studente\scienze-studente.pdf
LAB-scienze-tutor;Guida e soluzioni - Scienze;S19, S41;Materiale pronto;"Risorsa complementare: esempio, traccia o guida; versione studente e tutor non sono doppioni eliminabili.";Studiare con il DNA-V - materiali per la redazione/03 Laboratorio in testo/Laboratorio studio DSA - risorse in testo.md;451;481;principale;Materie\Scienze\Elettricità\Tutor\scienze-tutor.pdf
LAB-01-lettura-attiva;Lettura attiva;S9, S10, S11;Materiale pronto;"Risorsa complementare: esempio, traccia o guida; versione studente e tutor non sono doppioni eliminabili.";Studiare con il DNA-V - materiali per la redazione/03 Laboratorio in testo/Laboratorio studio DSA - risorse in testo.md;482;505;principale;Metodo di studio\Studente\01-lettura-attiva.pdf
LAB-02-sintesi;Sintesi senza perdere i legami;S14, S16;Materiale pronto;"Risorsa complementare: esempio, traccia o guida; versione studente e tutor non sono doppioni eliminabili.";Studiare con il DNA-V - materiali per la redazione/03 Laboratorio in testo/Laboratorio studio DSA - risorse in testo.md;506;528;principale;Metodo di studio\Studente\02-sintesi.pdf
LAB-03-scelta-strumento;Scegliere lo strumento;S38;Materiale pronto;"Risorsa complementare: esempio, traccia o guida; versione studente e tutor non sono doppioni eliminabili.";Studiare con il DNA-V - materiali per la redazione/03 Laboratorio in testo/Laboratorio studio DSA - risorse in testo.md;529;558;principale;Metodo di studio\Studente\03-scelta-strumento.pdf
LAB-04-memoria-ripasso;Memoria e ripasso;S26, S27;Materiale pronto;"Risorsa complementare: esempio, traccia o guida; versione studente e tutor non sono doppioni eliminabili.";Studiare con il DNA-V - materiali per la redazione/03 Laboratorio in testo/Laboratorio studio DSA - risorse in testo.md;559;584;principale;Metodo di studio\Studente\04-memoria-ripasso.pdf
LAB-05-incontri;Scalette per incontri da 60 e 90 minuti;CAP6;Materiale pronto;"Tre scalette da allineare al capitolo 6; nessuna modifica ora (tappa G).";Studiare con il DNA-V - materiali per la redazione/03 Laboratorio in testo/Laboratorio studio DSA - risorse in testo.md;585;623;principale;Metodo di studio\Tutor\05-incontri.pdf
LAB-06-osservazione;Osservare autonomia e riuso;STR2, STR5;Materiale pronto;"Risorsa complementare: esempio, traccia o guida; versione studente e tutor non sono doppioni eliminabili.";Studiare con il DNA-V - materiali per la redazione/03 Laboratorio in testo/Laboratorio studio DSA - risorse in testo.md;624;652;principale;Metodo di studio\Tutor\06-osservazione.pdf
LAB-07-check-in;Breve check-in sul compito;D30, STR6;Materiale pronto;"Risorsa complementare: esempio, traccia o guida; versione studente e tutor non sono doppioni eliminabili.";Studiare con il DNA-V - materiali per la redazione/03 Laboratorio in testo/Laboratorio studio DSA - risorse in testo.md;653;672;principale;Metodo di studio\Tutor\07-check-in.pdf
LAB-08-confronto-scuola;Confronto con la scuola per l’esame;CAP52;Materiale pronto;"Risorsa complementare: esempio, traccia o guida; versione studente e tutor non sono doppioni eliminabili.";Studiare con il DNA-V - materiali per la redazione/03 Laboratorio in testo/Laboratorio studio DSA - risorse in testo.md;673;698;principale;Metodo di studio\Tutor\08-confronto-scuola.pdf
LAB-modello-formulario;Modello di formulario ragionato;S24;Materiale pronto;"Risorsa complementare: esempio, traccia o guida; versione studente e tutor non sono doppioni eliminabili.";Studiare con il DNA-V - materiali per la redazione/03 Laboratorio in testo/Laboratorio studio DSA - risorse in testo.md;699;727;principale;Modelli riutilizzabili\Studente\modello-formulario.pdf
LAB-modello-argomento;Modello per un nuovo argomento;S41;Materiale pronto;"Risorsa complementare: esempio, traccia o guida; versione studente e tutor non sono doppioni eliminabili.";Studiare con il DNA-V - materiali per la redazione/03 Laboratorio in testo/Laboratorio studio DSA - risorse in testo.md;728;759;principale;Modelli riutilizzabili\Tutor\modello-argomento.pdf
LAB-guida-uso;Guida all’uso della biblioteca;CAP1;Materiale pronto;"Risorsa complementare: esempio, traccia o guida; versione studente e tutor non sono doppioni eliminabili.";Studiare con il DNA-V - materiali per la redazione/03 Laboratorio in testo/Laboratorio studio DSA - risorse in testo.md;760;805;principale;Guida all’uso\Tutor\guida-uso.pdf
LAB-fonti-verifiche;Fonti e verifiche;APP-C;Materiale pronto;"Risorsa complementare: esempio, traccia o guida; versione studente e tutor non sono doppioni eliminabili.";Studiare con il DNA-V - materiali per la redazione/03 Laboratorio in testo/Laboratorio studio DSA - risorse in testo.md;806;874;principale;Guida all’uso\Tutor\fonti-verifiche.pdf
LAB-matematica-schema-esempio;Equazioni - schema esempio;S46;Materiale pronto;"Risorsa complementare: esempio, traccia o guida; versione studente e tutor non sono doppioni eliminabili.";Studiare con il DNA-V - materiali per la redazione/03 Laboratorio in testo/Laboratorio studio DSA - risorse in testo.md;875;895;principale;Materie\Matematica\Equazioni di primo grado\Studente\matematica-schema-esempio.pdf
LAB-matematica-schema-guidato;Equazioni - schema guidato;S46;Materiale pronto;"Risorsa complementare: esempio, traccia o guida; versione studente e tutor non sono doppioni eliminabili.";Studiare con il DNA-V - materiali per la redazione/03 Laboratorio in testo/Laboratorio studio DSA - risorse in testo.md;896;916;principale;Materie\Matematica\Equazioni di primo grado\Studente\matematica-schema-guidato.pdf
LAB-storia-mappa-esempio;Prima guerra mondiale - mappa esempio;S19, S41;Materiale pronto;"Risorsa complementare: esempio, traccia o guida; versione studente e tutor non sono doppioni eliminabili.";Studiare con il DNA-V - materiali per la redazione/03 Laboratorio in testo/Laboratorio studio DSA - risorse in testo.md;917;956;principale;Materie\Storia\Prima guerra mondiale\Studente\storia-mappa-esempio.pdf
LAB-storia-mappa-guidata;Prima guerra mondiale - mappa guidata;S19, S41;Materiale pronto;"Risorsa complementare: esempio, traccia o guida; versione studente e tutor non sono doppioni eliminabili.";Studiare con il DNA-V - materiali per la redazione/03 Laboratorio in testo/Laboratorio studio DSA - risorse in testo.md;957;996;principale;Materie\Storia\Prima guerra mondiale\Studente\storia-mappa-guidata.pdf
LAB-scienze-mappa-esempio;Elettricità - mappa esempio;S19, S41;Materiale pronto;"Risorsa complementare: esempio, traccia o guida; versione studente e tutor non sono doppioni eliminabili.";Studiare con il DNA-V - materiali per la redazione/03 Laboratorio in testo/Laboratorio studio DSA - risorse in testo.md;997;1022;principale;Materie\Scienze\Elettricità\Studente\scienze-mappa-esempio.pdf
LAB-scienze-mappa-guidata;Elettricità - mappa guidata;S19, S41;Materiale pronto;"Risorsa complementare: esempio, traccia o guida; versione studente e tutor non sono doppioni eliminabili.";Studiare con il DNA-V - materiali per la redazione/03 Laboratorio in testo/Laboratorio studio DSA - risorse in testo.md;1023;1048;principale;Materie\Scienze\Elettricità\Studente\scienze-mappa-guidata.pdf
LAB-scienze-circuito;Elettricità - circuito elementare;S23, S41;Materiale pronto;"Risorsa complementare: esempio, traccia o guida; versione studente e tutor non sono doppioni eliminabili.";Studiare con il DNA-V - materiali per la redazione/03 Laboratorio in testo/Laboratorio studio DSA - risorse in testo.md;1049;1067;principale;Materie\Scienze\Elettricità\Studente\scienze-circuito.pdf
LAB-modello-mappa-concettuale;Modello - mappa concettuale;S19;Materiale pronto;"Risorsa complementare: esempio, traccia o guida; versione studente e tutor non sono doppioni eliminabili.";Studiare con il DNA-V - materiali per la redazione/03 Laboratorio in testo/Laboratorio studio DSA - risorse in testo.md;1068;1088;principale;Modelli riutilizzabili\Studente\modello-mappa-concettuale.pdf
LAB-modello-mappa-mentale;Modello - mappa mentale;S20;Materiale pronto;"Risorsa complementare: esempio, traccia o guida; versione studente e tutor non sono doppioni eliminabili.";Studiare con il DNA-V - materiali per la redazione/03 Laboratorio in testo/Laboratorio studio DSA - risorse in testo.md;1089;1104;principale;Modelli riutilizzabili\Studente\modello-mappa-mentale.pdf
LAB-IN60;Incontro da 60 minuti;CAP6;Materiale pronto;"Tre scalette da allineare al capitolo 6; nessuna modifica ora (tappa G).";Studiare con il DNA-V - materiali per la redazione/03 Laboratorio in testo/Laboratorio studio DSA - risorse in testo.md;1105;1151;principale;Modelli riutilizzabili\Tutor\IN60.pdf
LAB-IN90;Incontro da 90 minuti;CAP6;Materiale pronto;"Tre scalette da allineare al capitolo 6; nessuna modifica ora (tappa G).";Studiare con il DNA-V - materiali per la redazione/03 Laboratorio in testo/Laboratorio studio DSA - risorse in testo.md;1152;1198;principale;Modelli riutilizzabili\Tutor\IN90.pdf
LAB-IN-EMO;Avvio, frustrazione, errore e ripresa;D11, D12, D25;Materiale pronto;"Risorsa complementare: esempio, traccia o guida; versione studente e tutor non sono doppioni eliminabili.";Studiare con il DNA-V - materiali per la redazione/03 Laboratorio in testo/Laboratorio studio DSA - risorse in testo.md;1199;1236;principale;Modelli riutilizzabili\Tutor\IN-EMO.pdf
LAB-ES01;Organizzare la preparazione all’esame;S34;Materiale pronto;"Risorsa complementare: esempio, traccia o guida; versione studente e tutor non sono doppioni eliminabili.";Studiare con il DNA-V - materiali per la redazione/03 Laboratorio in testo/Laboratorio studio DSA - risorse in testo.md;1237;1267;principale;Preparazione all’esame\Tutor\ES01.pdf
LAB-ES02;Confronto con la scuola e inventario strumenti;CAP52;Materiale pronto;"Risorsa complementare: esempio, traccia o guida; versione studente e tutor non sono doppioni eliminabili.";Studiare con il DNA-V - materiali per la redazione/03 Laboratorio in testo/Laboratorio studio DSA - risorse in testo.md;1268;1315;principale;Preparazione all’esame\Tutor\ES02.pdf
LAB-REL01;Fonti e prospettive: religione o alternativa;S41;Materiale pronto;"Risorsa complementare: esempio, traccia o guida; versione studente e tutor non sono doppioni eliminabili.";Studiare con il DNA-V - materiali per la redazione/03 Laboratorio in testo/Laboratorio studio DSA - risorse in testo.md;1316;1334;principale;Modelli riutilizzabili\Studente\REL01.pdf
LAB-REL01-tutor;Fonti e prospettive - guida;S41;Materiale pronto;"Risorsa complementare: esempio, traccia o guida; versione studente e tutor non sono doppioni eliminabili.";Studiare con il DNA-V - materiali per la redazione/03 Laboratorio in testo/Laboratorio studio DSA - risorse in testo.md;1335;1353;principale;Modelli riutilizzabili\Tutor\REL01-tutor.pdf
LAB-ITA01-S;Comprensione e inferenze — attività;S11, S13;Materiale pronto;"Risorsa complementare: esempio, traccia o guida; versione studente e tutor non sono doppioni eliminabili.";Studiare con il DNA-V - materiali per la redazione/03 Laboratorio in testo/Laboratorio studio DSA - risorse in testo.md;1354;1420;principale;Materie\Italiano\Comprensione e inferenze\Studente\ITA01-S.pdf
LAB-ITA01-T;Comprensione e inferenze — guida tutor;S11, S13;Materiale pronto;"Risorsa complementare: esempio, traccia o guida; versione studente e tutor non sono doppioni eliminabili.";Studiare con il DNA-V - materiali per la redazione/03 Laboratorio in testo/Laboratorio studio DSA - risorse in testo.md;1421;1453;principale;Materie\Italiano\Comprensione e inferenze\Tutor\ITA01-T.pdf
LAB-ITA02-S;Sintesi — attività;S16;Materiale pronto;"Risorsa complementare: esempio, traccia o guida; versione studente e tutor non sono doppioni eliminabili.";Studiare con il DNA-V - materiali per la redazione/03 Laboratorio in testo/Laboratorio studio DSA - risorse in testo.md;1454;1518;principale;Materie\Italiano\Sintesi\Studente\ITA02-S.pdf
LAB-ITA02-T;Sintesi — guida tutor;S16;Materiale pronto;"Risorsa complementare: esempio, traccia o guida; versione studente e tutor non sono doppioni eliminabili.";Studiare con il DNA-V - materiali per la redazione/03 Laboratorio in testo/Laboratorio studio DSA - risorse in testo.md;1519;1551;principale;Materie\Italiano\Sintesi\Tutor\ITA02-T.pdf
LAB-ITA03-S;Pianificazione e revisione della scrittura — attività;S42;Materiale pronto;"Risorsa complementare: esempio, traccia o guida; versione studente e tutor non sono doppioni eliminabili.";Studiare con il DNA-V - materiali per la redazione/03 Laboratorio in testo/Laboratorio studio DSA - risorse in testo.md;1552;1621;principale;Materie\Italiano\Pianificazione e revisione della scrittura\Studente\ITA03-S.pdf
LAB-ITA03-T;Pianificazione e revisione della scrittura — guida tutor;S42;Materiale pronto;"Risorsa complementare: esempio, traccia o guida; versione studente e tutor non sono doppioni eliminabili.";Studiare con il DNA-V - materiali per la redazione/03 Laboratorio in testo/Laboratorio studio DSA - risorse in testo.md;1622;1652;principale;Materie\Italiano\Pianificazione e revisione della scrittura\Tutor\ITA03-T.pdf
LAB-ITA06-S;Analisi del periodo — attività;S44;Materiale pronto;"Risorsa complementare: esempio, traccia o guida; versione studente e tutor non sono doppioni eliminabili.";Studiare con il DNA-V - materiali per la redazione/03 Laboratorio in testo/Laboratorio studio DSA - risorse in testo.md;1653;1718;principale;Materie\Italiano\Analisi del periodo\Studente\ITA06-S.pdf
LAB-ITA06-T;Analisi del periodo — guida tutor;S44;Materiale pronto;"Risorsa complementare: esempio, traccia o guida; versione studente e tutor non sono doppioni eliminabili.";Studiare con il DNA-V - materiali per la redazione/03 Laboratorio in testo/Laboratorio studio DSA - risorse in testo.md;1719;1749;principale;Materie\Italiano\Analisi del periodo\Tutor\ITA06-T.pdf
LAB-ITA04-S;Analisi grammaticale — attività;S44;Materiale pronto;"Risorsa complementare: esempio, traccia o guida; versione studente e tutor non sono doppioni eliminabili.";Studiare con il DNA-V - materiali per la redazione/03 Laboratorio in testo/Laboratorio studio DSA - risorse in testo.md;1750;1842;principale;Materie\Italiano\Analisi grammaticale\Studente\ITA04-S.pdf
LAB-ITA04-T;Analisi grammaticale — guida tutor;S44;Materiale pronto;"Risorsa complementare: esempio, traccia o guida; versione studente e tutor non sono doppioni eliminabili.";Studiare con il DNA-V - materiali per la redazione/03 Laboratorio in testo/Laboratorio studio DSA - risorse in testo.md;1843;1872;principale;Materie\Italiano\Analisi grammaticale\Tutor\ITA04-T.pdf
LAB-ITA05-S;Analisi logica — attività;S44;Materiale pronto;"Risorsa complementare: esempio, traccia o guida; versione studente e tutor non sono doppioni eliminabili.";Studiare con il DNA-V - materiali per la redazione/03 Laboratorio in testo/Laboratorio studio DSA - risorse in testo.md;1873;1941;principale;Materie\Italiano\Analisi logica\Studente\ITA05-S.pdf
LAB-ITA05-T;Analisi logica — guida tutor;S44;Materiale pronto;"Risorsa complementare: esempio, traccia o guida; versione studente e tutor non sono doppioni eliminabili.";Studiare con il DNA-V - materiali per la redazione/03 Laboratorio in testo/Laboratorio studio DSA - risorse in testo.md;1942;1974;principale;Materie\Italiano\Analisi logica\Tutor\ITA05-T.pdf
LAB-MAT01-S;Numeri e frazioni — attività;S45;Materiale pronto;"Risorsa complementare: esempio, traccia o guida; versione studente e tutor non sono doppioni eliminabili.";Studiare con il DNA-V - materiali per la redazione/03 Laboratorio in testo/Laboratorio studio DSA - risorse in testo.md;1975;2060;principale;Materie\Matematica\Numeri e frazioni\Studente\MAT01-S.pdf
LAB-MAT01-T;Numeri e frazioni — guida tutor;S45;Materiale pronto;"Risorsa complementare: esempio, traccia o guida; versione studente e tutor non sono doppioni eliminabili.";Studiare con il DNA-V - materiali per la redazione/03 Laboratorio in testo/Laboratorio studio DSA - risorse in testo.md;2061;2091;principale;Materie\Matematica\Numeri e frazioni\Tutor\MAT01-T.pdf
LAB-MAT02-S;Espressioni, potenze e radici — attività;S46;Materiale pronto;"Risorsa complementare: esempio, traccia o guida; versione studente e tutor non sono doppioni eliminabili.";Studiare con il DNA-V - materiali per la redazione/03 Laboratorio in testo/Laboratorio studio DSA - risorse in testo.md;2092;2178;principale;Materie\Matematica\Espressioni, potenze e radici\Studente\MAT02-S.pdf
LAB-MAT02-T;Espressioni, potenze e radici — guida tutor;S46;Materiale pronto;"Risorsa complementare: esempio, traccia o guida; versione studente e tutor non sono doppioni eliminabili.";Studiare con il DNA-V - materiali per la redazione/03 Laboratorio in testo/Laboratorio studio DSA - risorse in testo.md;2179;2211;principale;Materie\Matematica\Espressioni, potenze e radici\Tutor\MAT02-T.pdf
LAB-MAP01;Mappa concettuale - esempio, traccia e modello;S19;Materiale pronto;"Risorsa complementare: esempio, traccia o guida; versione studente e tutor non sono doppioni eliminabili.";Studiare con il DNA-V - materiali per la redazione/03 Laboratorio in testo/Laboratorio studio DSA - risorse in testo.md;2212;2254;principale;Laboratorio delle mappe\Mappa concettuale\Studente\MAP01.pdf
LAB-MAP02;Mappa mentale - esempio, traccia e modello;S20;Materiale pronto;"Risorsa complementare: esempio, traccia o guida; versione studente e tutor non sono doppioni eliminabili.";Studiare con il DNA-V - materiali per la redazione/03 Laboratorio in testo/Laboratorio studio DSA - risorse in testo.md;2255;2288;principale;Laboratorio delle mappe\Mappa mentale\Studente\MAP02.pdf
LAB-MAP03;Cronologia - esempio, traccia e modello;S21;Materiale pronto;"Risorsa complementare: esempio, traccia o guida; versione studente e tutor non sono doppioni eliminabili.";Studiare con il DNA-V - materiali per la redazione/03 Laboratorio in testo/Laboratorio studio DSA - risorse in testo.md;2289;2331;principale;Laboratorio delle mappe\Cronologia\Studente\MAP03.pdf
LAB-MAP04;Tabella comparativa - esempio, traccia e modello;S22;Materiale pronto;"Risorsa complementare: esempio, traccia o guida; versione studente e tutor non sono doppioni eliminabili.";Studiare con il DNA-V - materiali per la redazione/03 Laboratorio in testo/Laboratorio studio DSA - risorse in testo.md;2332;2386;principale;Laboratorio delle mappe\Tabella comparativa\Studente\MAP04.pdf
LAB-MAP06;Formulario - esempio, traccia e modello;S24;Materiale pronto;"Risorsa complementare: esempio, traccia o guida; versione studente e tutor non sono doppioni eliminabili.";Studiare con il DNA-V - materiali per la redazione/03 Laboratorio in testo/Laboratorio studio DSA - risorse in testo.md;2387;2441;principale;Laboratorio delle mappe\Formulario\Studente\MAP06.pdf
LAB-MAP07;Scaletta - esempio, traccia e modello;S32;Materiale pronto;"Risorsa complementare: esempio, traccia o guida; versione studente e tutor non sono doppioni eliminabili.";Studiare con il DNA-V - materiali per la redazione/03 Laboratorio in testo/Laboratorio studio DSA - risorse in testo.md;2442;2475;principale;Laboratorio delle mappe\Scaletta\Studente\MAP07.pdf
LAB-MAP05;Schema procedurale - esempio, traccia e modello;S23;Materiale pronto;"Risorsa complementare: esempio, traccia o guida; versione studente e tutor non sono doppioni eliminabili.";Studiare con il DNA-V - materiali per la redazione/03 Laboratorio in testo/Laboratorio studio DSA - risorse in testo.md;2476;2506;principale;Laboratorio delle mappe\Schema procedurale\Studente\MAP05.pdf
LAB-M01-studente;Comprendere la consegna;S8;Materiale pronto;"Risorsa complementare: esempio, traccia o guida; versione studente e tutor non sono doppioni eliminabili.";Studiare con il DNA-V - materiali per la redazione/03 Laboratorio in testo/Laboratorio studio DSA - risorse in testo.md;2507;2525;principale;Metodo di studio\Studente\M01-studente.pdf
LAB-M01-tutor;Comprendere la consegna - guida;S8;Materiale pronto;"Risorsa complementare: esempio, traccia o guida; versione studente e tutor non sono doppioni eliminabili.";Studiare con il DNA-V - materiali per la redazione/03 Laboratorio in testo/Laboratorio studio DSA - risorse in testo.md;2526;2546;principale;Metodo di studio\Tutor\M01-tutor.pdf
LAB-M02-studente;Pianificare la settimana;S2;Materiale pronto;"Risorsa complementare: esempio, traccia o guida; versione studente e tutor non sono doppioni eliminabili.";Studiare con il DNA-V - materiali per la redazione/03 Laboratorio in testo/Laboratorio studio DSA - risorse in testo.md;2547;2565;principale;Metodo di studio\Studente\M02-studente.pdf
LAB-M02-tutor;Pianificare la settimana - guida;S2;Materiale pronto;"Risorsa complementare: esempio, traccia o guida; versione studente e tutor non sono doppioni eliminabili.";Studiare con il DNA-V - materiali per la redazione/03 Laboratorio in testo/Laboratorio studio DSA - risorse in testo.md;2566;2586;principale;Metodo di studio\Tutor\M02-tutor.pdf
LAB-M03-studente;Avviare e dividere un compito;S3, S4;Materiale pronto;"Risorsa complementare: esempio, traccia o guida; versione studente e tutor non sono doppioni eliminabili.";Studiare con il DNA-V - materiali per la redazione/03 Laboratorio in testo/Laboratorio studio DSA - risorse in testo.md;2587;2605;principale;Metodo di studio\Studente\M03-studente.pdf
LAB-M03-tutor;Avviare e dividere un compito - guida;S3, S4;Materiale pronto;"Risorsa complementare: esempio, traccia o guida; versione studente e tutor non sono doppioni eliminabili.";Studiare con il DNA-V - materiali per la redazione/03 Laboratorio in testo/Laboratorio studio DSA - risorse in testo.md;2606;2626;principale;Metodo di studio\Tutor\M03-tutor.pdf
LAB-M04-studente;Leggere attivamente;S9, S10, S11;Materiale pronto;"Risorsa complementare: esempio, traccia o guida; versione studente e tutor non sono doppioni eliminabili.";Studiare con il DNA-V - materiali per la redazione/03 Laboratorio in testo/Laboratorio studio DSA - risorse in testo.md;2627;2645;principale;Metodo di studio\Studente\M04-studente.pdf
LAB-M04-tutor;Leggere attivamente - guida;S9, S10, S11;Materiale pronto;"Risorsa complementare: esempio, traccia o guida; versione studente e tutor non sono doppioni eliminabili.";Studiare con il DNA-V - materiali per la redazione/03 Laboratorio in testo/Laboratorio studio DSA - risorse in testo.md;2646;2666;principale;Metodo di studio\Tutor\M04-tutor.pdf
LAB-M05-studente;Selezionare e sintetizzare;S14, S16;Materiale pronto;"Risorsa complementare: esempio, traccia o guida; versione studente e tutor non sono doppioni eliminabili.";Studiare con il DNA-V - materiali per la redazione/03 Laboratorio in testo/Laboratorio studio DSA - risorse in testo.md;2667;2685;principale;Metodo di studio\Studente\M05-studente.pdf
LAB-M05-tutor;Selezionare e sintetizzare - guida;S14, S16;Materiale pronto;"Risorsa complementare: esempio, traccia o guida; versione studente e tutor non sono doppioni eliminabili.";Studiare con il DNA-V - materiali per la redazione/03 Laboratorio in testo/Laboratorio studio DSA - risorse in testo.md;2686;2706;principale;Metodo di studio\Tutor\M05-tutor.pdf
LAB-M06-studente;Scegliere uno strumento;S38;Materiale pronto;"Risorsa complementare: esempio, traccia o guida; versione studente e tutor non sono doppioni eliminabili.";Studiare con il DNA-V - materiali per la redazione/03 Laboratorio in testo/Laboratorio studio DSA - risorse in testo.md;2707;2725;principale;Metodo di studio\Studente\M06-studente.pdf
LAB-M06-tutor;Scegliere uno strumento - guida;S38;Materiale pronto;"Risorsa complementare: esempio, traccia o guida; versione studente e tutor non sono doppioni eliminabili.";Studiare con il DNA-V - materiali per la redazione/03 Laboratorio in testo/Laboratorio studio DSA - risorse in testo.md;2726;2746;principale;Metodo di studio\Tutor\M06-tutor.pdf
LAB-M07-studente;Costruire e rivedere mappe;S19;Materiale pronto;"Risorsa complementare: esempio, traccia o guida; versione studente e tutor non sono doppioni eliminabili.";Studiare con il DNA-V - materiali per la redazione/03 Laboratorio in testo/Laboratorio studio DSA - risorse in testo.md;2747;2765;principale;Metodo di studio\Studente\M07-studente.pdf
LAB-M07-tutor;Costruire e rivedere mappe - guida;S19;Materiale pronto;"Risorsa complementare: esempio, traccia o guida; versione studente e tutor non sono doppioni eliminabili.";Studiare con il DNA-V - materiali per la redazione/03 Laboratorio in testo/Laboratorio studio DSA - risorse in testo.md;2766;2786;principale;Metodo di studio\Tutor\M07-tutor.pdf
LAB-M08-studente;Usare tecniche mnemoniche;S30;Materiale pronto;"Risorsa complementare: esempio, traccia o guida; versione studente e tutor non sono doppioni eliminabili.";Studiare con il DNA-V - materiali per la redazione/03 Laboratorio in testo/Laboratorio studio DSA - risorse in testo.md;2787;2805;principale;Metodo di studio\Studente\M08-studente.pdf
LAB-M08-tutor;Usare tecniche mnemoniche - guida;S30;Materiale pronto;"Risorsa complementare: esempio, traccia o guida; versione studente e tutor non sono doppioni eliminabili.";Studiare con il DNA-V - materiali per la redazione/03 Laboratorio in testo/Laboratorio studio DSA - risorse in testo.md;2806;2826;principale;Metodo di studio\Tutor\M08-tutor.pdf
LAB-M09-studente;Recuperare e ripassare;S26, S27;Materiale pronto;"Risorsa complementare: esempio, traccia o guida; versione studente e tutor non sono doppioni eliminabili.";Studiare con il DNA-V - materiali per la redazione/03 Laboratorio in testo/Laboratorio studio DSA - risorse in testo.md;2827;2845;principale;Metodo di studio\Studente\M09-studente.pdf
LAB-M09-tutor;Recuperare e ripassare - guida;S26, S27;Materiale pronto;"Risorsa complementare: esempio, traccia o guida; versione studente e tutor non sono doppioni eliminabili.";Studiare con il DNA-V - materiali per la redazione/03 Laboratorio in testo/Laboratorio studio DSA - risorse in testo.md;2846;2866;principale;Metodo di studio\Tutor\M09-tutor.pdf
LAB-M10-studente;Preparare l’esposizione orale;S32, S33;Materiale pronto;"Risorsa complementare: esempio, traccia o guida; versione studente e tutor non sono doppioni eliminabili.";Studiare con il DNA-V - materiali per la redazione/03 Laboratorio in testo/Laboratorio studio DSA - risorse in testo.md;2867;2885;principale;Metodo di studio\Studente\M10-studente.pdf
LAB-M10-tutor;Preparare l’esposizione orale - guida;S32, S33;Materiale pronto;"Risorsa complementare: esempio, traccia o guida; versione studente e tutor non sono doppioni eliminabili.";Studiare con il DNA-V - materiali per la redazione/03 Laboratorio in testo/Laboratorio studio DSA - risorse in testo.md;2886;2906;principale;Metodo di studio\Tutor\M10-tutor.pdf
LAB-M11-studente;Controllare errori e risultati;S37;Materiale pronto;"Risorsa complementare: esempio, traccia o guida; versione studente e tutor non sono doppioni eliminabili.";Studiare con il DNA-V - materiali per la redazione/03 Laboratorio in testo/Laboratorio studio DSA - risorse in testo.md;2907;2925;principale;Metodo di studio\Studente\M11-studente.pdf
LAB-M11-tutor;Controllare errori e risultati - guida;S37;Materiale pronto;"Risorsa complementare: esempio, traccia o guida; versione studente e tutor non sono doppioni eliminabili.";Studiare con il DNA-V - materiali per la redazione/03 Laboratorio in testo/Laboratorio studio DSA - risorse in testo.md;2926;2946;principale;Metodo di studio\Tutor\M11-tutor.pdf
LAB-M12-studente;Provare strumenti digitali;S39, S40;Materiale pronto;"Risorsa complementare: esempio, traccia o guida; versione studente e tutor non sono doppioni eliminabili.";Studiare con il DNA-V - materiali per la redazione/03 Laboratorio in testo/Laboratorio studio DSA - risorse in testo.md;2947;2965;principale;Metodo di studio\Studente\M12-studente.pdf
LAB-M12-tutor;Provare strumenti digitali - guida;S39, S40;Materiale pronto;"Risorsa complementare: esempio, traccia o guida; versione studente e tutor non sono doppioni eliminabili.";Studiare con il DNA-V - materiali per la redazione/03 Laboratorio in testo/Laboratorio studio DSA - risorse in testo.md;2966;2986;principale;Metodo di studio\Tutor\M12-tutor.pdf
LAB-MAT03-S;Rapporti, proporzioni e percentuali — attività;S46, S47;Materiale pronto;"Risorsa complementare: esempio, traccia o guida; versione studente e tutor non sono doppioni eliminabili.";Studiare con il DNA-V - materiali per la redazione/03 Laboratorio in testo/Laboratorio studio DSA - risorse in testo.md;2987;3055;principale;Materie\Matematica\Rapporti, proporzioni e percentuali\Studente\MAT03-S.pdf
LAB-MAT03-T;Rapporti, proporzioni e percentuali — guida tutor;S46, S47;Materiale pronto;"Risorsa complementare: esempio, traccia o guida; versione studente e tutor non sono doppioni eliminabili.";Studiare con il DNA-V - materiali per la redazione/03 Laboratorio in testo/Laboratorio studio DSA - risorse in testo.md;3056;3086;principale;Materie\Matematica\Rapporti, proporzioni e percentuali\Tutor\MAT03-T.pdf
LAB-MAT05-S;Geometria piana e Pitagora — attività;S48;Materiale pronto;"Risorsa complementare: esempio, traccia o guida; versione studente e tutor non sono doppioni eliminabili.";Studiare con il DNA-V - materiali per la redazione/03 Laboratorio in testo/Laboratorio studio DSA - risorse in testo.md;3087;3168;principale;Materie\Matematica\Geometria piana e Pitagora\Studente\MAT05-S.pdf
LAB-MAT05-T;Geometria piana e Pitagora — guida tutor;S48;Materiale pronto;"Risorsa complementare: esempio, traccia o guida; versione studente e tutor non sono doppioni eliminabili.";Studiare con il DNA-V - materiali per la redazione/03 Laboratorio in testo/Laboratorio studio DSA - risorse in testo.md;3169;3199;principale;Materie\Matematica\Geometria piana e Pitagora\Tutor\MAT05-T.pdf
LAB-MAT06-S;Solidi — attività;S48;Materiale pronto;"Risorsa complementare: esempio, traccia o guida; versione studente e tutor non sono doppioni eliminabili.";Studiare con il DNA-V - materiali per la redazione/03 Laboratorio in testo/Laboratorio studio DSA - risorse in testo.md;3200;3281;principale;Materie\Matematica\Solidi\Studente\MAT06-S.pdf
LAB-MAT06-T;Solidi — guida tutor;S48;Materiale pronto;"Risorsa complementare: esempio, traccia o guida; versione studente e tutor non sono doppioni eliminabili.";Studiare con il DNA-V - materiali per la redazione/03 Laboratorio in testo/Laboratorio studio DSA - risorse in testo.md;3282;3313;principale;Materie\Matematica\Solidi\Tutor\MAT06-T.pdf
LAB-MAT07-S;Piano cartesiano e proporzionalità — attività;S48;Materiale pronto;"Risorsa complementare: esempio, traccia o guida; versione studente e tutor non sono doppioni eliminabili.";Studiare con il DNA-V - materiali per la redazione/03 Laboratorio in testo/Laboratorio studio DSA - risorse in testo.md;3314;3389;principale;Materie\Matematica\Piano cartesiano e proporzionalità\Studente\MAT07-S.pdf
LAB-MAT07-T;Piano cartesiano e proporzionalità — guida tutor;S48;Materiale pronto;"Risorsa complementare: esempio, traccia o guida; versione studente e tutor non sono doppioni eliminabili.";Studiare con il DNA-V - materiali per la redazione/03 Laboratorio in testo/Laboratorio studio DSA - risorse in testo.md;3390;3420;principale;Materie\Matematica\Piano cartesiano e proporzionalità\Tutor\MAT07-T.pdf
LAB-MAT04-S;Algebra ed equazioni — attività;S46;Materiale pronto;"Risorsa complementare: esempio, traccia o guida; versione studente e tutor non sono doppioni eliminabili.";Studiare con il DNA-V - materiali per la redazione/03 Laboratorio in testo/Laboratorio studio DSA - risorse in testo.md;3421;3483;principale;Materie\Matematica\Equazioni di primo grado\Studente\MAT04-S.pdf
LAB-MAT04-T;Algebra ed equazioni — guida tutor;S46;Materiale pronto;"Risorsa complementare: esempio, traccia o guida; versione studente e tutor non sono doppioni eliminabili.";Studiare con il DNA-V - materiali per la redazione/03 Laboratorio in testo/Laboratorio studio DSA - risorse in testo.md;3484;3516;principale;Materie\Matematica\Equazioni di primo grado\Tutor\MAT04-T.pdf
LAB-MAT08-S;Statistica e probabilità — attività;S45;Materiale pronto;"Risorsa complementare: esempio, traccia o guida; versione studente e tutor non sono doppioni eliminabili.";Studiare con il DNA-V - materiali per la redazione/03 Laboratorio in testo/Laboratorio studio DSA - risorse in testo.md;3517;3599;principale;Materie\Matematica\Statistica e probabilità\Studente\MAT08-S.pdf
LAB-MAT08-T;Statistica e probabilità — guida tutor;S45;Materiale pronto;"Risorsa complementare: esempio, traccia o guida; versione studente e tutor non sono doppioni eliminabili.";Studiare con il DNA-V - materiali per la redazione/03 Laboratorio in testo/Laboratorio studio DSA - risorse in testo.md;3600;3630;principale;Materie\Matematica\Statistica e probabilità\Tutor\MAT08-T.pdf
LAB-STO05-S;Totalitarismi e Seconda guerra mondiale — attività;S41;Materiale pronto;"Risorsa complementare: esempio, traccia o guida; versione studente e tutor non sono doppioni eliminabili.";Studiare con il DNA-V - materiali per la redazione/03 Laboratorio in testo/Laboratorio studio DSA - risorse in testo.md;3631;3723;principale;Materie\Storia\Totalitarismi e Seconda guerra mondiale\Studente\STO05-S.pdf
LAB-STO05-T;Totalitarismi e Seconda guerra mondiale — guida tutor;S41;Materiale pronto;"Risorsa complementare: esempio, traccia o guida; versione studente e tutor non sono doppioni eliminabili.";Studiare con il DNA-V - materiali per la redazione/03 Laboratorio in testo/Laboratorio studio DSA - risorse in testo.md;3724;3764;principale;Materie\Storia\Totalitarismi e Seconda guerra mondiale\Tutor\STO05-T.pdf
LAB-STO01-S;Società medievale — attività;S41;Materiale pronto;"Risorsa complementare: esempio, traccia o guida; versione studente e tutor non sono doppioni eliminabili.";Studiare con il DNA-V - materiali per la redazione/03 Laboratorio in testo/Laboratorio studio DSA - risorse in testo.md;3765;3837;principale;Materie\Storia\Società medievale\Studente\STO01-S.pdf
LAB-STO01-T;Società medievale — guida tutor;S41;Materiale pronto;"Risorsa complementare: esempio, traccia o guida; versione studente e tutor non sono doppioni eliminabili.";Studiare con il DNA-V - materiali per la redazione/03 Laboratorio in testo/Laboratorio studio DSA - risorse in testo.md;3838;3878;principale;Materie\Storia\Società medievale\Tutor\STO01-T.pdf
LAB-STO02-S;Rinascimento e Riforma — attività;S41;Materiale pronto;"Risorsa complementare: esempio, traccia o guida; versione studente e tutor non sono doppioni eliminabili.";Studiare con il DNA-V - materiali per la redazione/03 Laboratorio in testo/Laboratorio studio DSA - risorse in testo.md;3879;3951;principale;Materie\Storia\Rinascimento e Riforma\Studente\STO02-S.pdf
LAB-STO02-T;Rinascimento e Riforma — guida tutor;S41;Materiale pronto;"Risorsa complementare: esempio, traccia o guida; versione studente e tutor non sono doppioni eliminabili.";Studiare con il DNA-V - materiali per la redazione/03 Laboratorio in testo/Laboratorio studio DSA - risorse in testo.md;3952;3991;principale;Materie\Storia\Rinascimento e Riforma\Tutor\STO02-T.pdf
LAB-STO03-S;Rivoluzioni e formazione dell’Italia unita — attività;S41;Materiale pronto;"Risorsa complementare: esempio, traccia o guida; versione studente e tutor non sono doppioni eliminabili.";Studiare con il DNA-V - materiali per la redazione/03 Laboratorio in testo/Laboratorio studio DSA - risorse in testo.md;3992;4106;principale;Materie\Storia\Rivoluzioni e formazione dell’Italia unita\Studente\STO03-S.pdf
LAB-STO03-T;Rivoluzioni e formazione dell’Italia unita — guida tutor;S41;Materiale pronto;"Risorsa complementare: esempio, traccia o guida; versione studente e tutor non sono doppioni eliminabili.";Studiare con il DNA-V - materiali per la redazione/03 Laboratorio in testo/Laboratorio studio DSA - risorse in testo.md;4107;4150;principale;Materie\Storia\Rivoluzioni e formazione dell’Italia unita\Tutor\STO03-T.pdf
LAB-STO06-S;Dopoguerra e Italia repubblicana — attività;S41;Materiale pronto;"Risorsa complementare: esempio, traccia o guida; versione studente e tutor non sono doppioni eliminabili.";Studiare con il DNA-V - materiali per la redazione/03 Laboratorio in testo/Laboratorio studio DSA - risorse in testo.md;4151;4235;principale;Materie\Storia\Dopoguerra e Italia repubblicana\Studente\STO06-S.pdf
LAB-STO06-T;Dopoguerra e Italia repubblicana — guida tutor;S41;Materiale pronto;"Risorsa complementare: esempio, traccia o guida; versione studente e tutor non sono doppioni eliminabili.";Studiare con il DNA-V - materiali per la redazione/03 Laboratorio in testo/Laboratorio studio DSA - risorse in testo.md;4236;4278;principale;Materie\Storia\Dopoguerra e Italia repubblicana\Tutor\STO06-T.pdf
LAB-SCI01-S;Materia e trasformazioni — attività;S41;Materiale pronto;"Risorsa complementare: esempio, traccia o guida; versione studente e tutor non sono doppioni eliminabili.";Studiare con il DNA-V - materiali per la redazione/03 Laboratorio in testo/Laboratorio studio DSA - risorse in testo.md;4279;4376;principale;Materie\Scienze\Materia e trasformazioni\Studente\SCI01-S.pdf
LAB-SCI01-T;Materia e trasformazioni — guida tutor;S41;Materiale pronto;"Risorsa complementare: esempio, traccia o guida; versione studente e tutor non sono doppioni eliminabili.";Studiare con il DNA-V - materiali per la redazione/03 Laboratorio in testo/Laboratorio studio DSA - risorse in testo.md;4377;4415;principale;Materie\Scienze\Materia e trasformazioni\Tutor\SCI01-T.pdf
LAB-SCI02-S;Viventi ed ecosistemi — attività;S41;Materiale pronto;"Risorsa complementare: esempio, traccia o guida; versione studente e tutor non sono doppioni eliminabili.";Studiare con il DNA-V - materiali per la redazione/03 Laboratorio in testo/Laboratorio studio DSA - risorse in testo.md;4416;4504;principale;Materie\Scienze\Viventi ed ecosistemi\Studente\SCI02-S.pdf
LAB-SCI02-T;Viventi ed ecosistemi — guida tutor;S41;Materiale pronto;"Risorsa complementare: esempio, traccia o guida; versione studente e tutor non sono doppioni eliminabili.";Studiare con il DNA-V - materiali per la redazione/03 Laboratorio in testo/Laboratorio studio DSA - risorse in testo.md;4505;4545;principale;Materie\Scienze\Viventi ed ecosistemi\Tutor\SCI02-T.pdf
LAB-SCI03-S;Corpo umano — attività;S41;Materiale pronto;"Risorsa complementare: esempio, traccia o guida; versione studente e tutor non sono doppioni eliminabili.";Studiare con il DNA-V - materiali per la redazione/03 Laboratorio in testo/Laboratorio studio DSA - risorse in testo.md;4546;4666;principale;Materie\Scienze\Corpo umano\Studente\SCI03-S.pdf
LAB-SCI03-T;Corpo umano — guida tutor;S41;Materiale pronto;"Risorsa complementare: esempio, traccia o guida; versione studente e tutor non sono doppioni eliminabili.";Studiare con il DNA-V - materiali per la redazione/03 Laboratorio in testo/Laboratorio studio DSA - risorse in testo.md;4667;4712;principale;Materie\Scienze\Corpo umano\Tutor\SCI03-T.pdf
LAB-SCI04-S;Genetica ed evoluzione — attività;S41;Materiale pronto;"Risorsa complementare: esempio, traccia o guida; versione studente e tutor non sono doppioni eliminabili.";Studiare con il DNA-V - materiali per la redazione/03 Laboratorio in testo/Laboratorio studio DSA - risorse in testo.md;4713;4812;principale;Materie\Scienze\Genetica ed evoluzione\Studente\SCI04-S.pdf
LAB-SCI04-T;Genetica ed evoluzione — guida tutor;S41;Materiale pronto;"Risorsa complementare: esempio, traccia o guida; versione studente e tutor non sono doppioni eliminabili.";Studiare con il DNA-V - materiali per la redazione/03 Laboratorio in testo/Laboratorio studio DSA - risorse in testo.md;4813;4854;principale;Materie\Scienze\Genetica ed evoluzione\Tutor\SCI04-T.pdf
LAB-SCI05-S;Terra e Universo — attività;S41;Materiale pronto;"Risorsa complementare: esempio, traccia o guida; versione studente e tutor non sono doppioni eliminabili.";Studiare con il DNA-V - materiali per la redazione/03 Laboratorio in testo/Laboratorio studio DSA - risorse in testo.md;4855;4969;principale;Materie\Scienze\Terra e Universo\Studente\SCI05-S.pdf
LAB-SCI05-T;Terra e Universo — guida tutor;S41;Materiale pronto;"Risorsa complementare: esempio, traccia o guida; versione studente e tutor non sono doppioni eliminabili.";Studiare con il DNA-V - materiali per la redazione/03 Laboratorio in testo/Laboratorio studio DSA - risorse in testo.md;4970;5012;principale;Materie\Scienze\Terra e Universo\Tutor\SCI05-T.pdf
LAB-SCI06-S;Elettricità ed energia — attività;S41;Materiale pronto;"Risorsa complementare: esempio, traccia o guida; versione studente e tutor non sono doppioni eliminabili.";Studiare con il DNA-V - materiali per la redazione/03 Laboratorio in testo/Laboratorio studio DSA - risorse in testo.md;5013;5113;principale;Materie\Scienze\Elettricità\Studente\SCI06-S.pdf
LAB-SCI06-T;Elettricità ed energia — guida tutor;S41;Materiale pronto;"Risorsa complementare: esempio, traccia o guida; versione studente e tutor non sono doppioni eliminabili.";Studiare con il DNA-V - materiali per la redazione/03 Laboratorio in testo/Laboratorio studio DSA - risorse in testo.md;5114;5154;principale;Materie\Scienze\Elettricità\Tutor\SCI06-T.pdf
LAB-GEO01-S;Carte, scale e orientamento — attività;S41, S48;Materiale pronto;"Risorsa complementare: esempio, traccia o guida; versione studente e tutor non sono doppioni eliminabili.";Studiare con il DNA-V - materiali per la redazione/03 Laboratorio in testo/Laboratorio studio DSA - risorse in testo.md;5155;5261;principale;Materie\Geografia\Carte, scale e orientamento\Studente\GEO01-S.pdf
LAB-GEO01-T;Carte, scale e orientamento — guida tutor;S41, S48;Materiale pronto;"Risorsa complementare: esempio, traccia o guida; versione studente e tutor non sono doppioni eliminabili.";Studiare con il DNA-V - materiali per la redazione/03 Laboratorio in testo/Laboratorio studio DSA - risorse in testo.md;5262;5302;principale;Materie\Geografia\Carte, scale e orientamento\Tutor\GEO01-T.pdf
LAB-GEO02-S;Paesaggi e climi — studente;S41;Materiale pronto;"Presente in cartella ma assente dall’indice HTML; titolo descrittivo ricavato dalla guida alle fonti, intestazione del testo conserva il codice.";Studiare con il DNA-V - materiali per la redazione/03 Laboratorio in testo/Laboratorio studio DSA - risorse in testo.md;5303;5440;principale;Materie\Geografia\Paesaggi e climi\Studente\GEO02-S.pdf
LAB-GEO02-T;Paesaggi e climi — tutor;S41;Materiale pronto;"Presente in cartella ma assente dall’indice HTML; titolo descrittivo ricavato dalla guida alle fonti, intestazione del testo conserva il codice.";Studiare con il DNA-V - materiali per la redazione/03 Laboratorio in testo/Laboratorio studio DSA - risorse in testo.md;5441;5479;principale;Materie\Geografia\Paesaggi e climi\Tutor\GEO02-T.pdf
LAB-GEO03-S;Territori, popolazioni ed economie — studente;S41;Materiale pronto;"Presente in cartella ma assente dall’indice HTML; titolo descrittivo ricavato dalla guida alle fonti, intestazione del testo conserva il codice.";Studiare con il DNA-V - materiali per la redazione/03 Laboratorio in testo/Laboratorio studio DSA - risorse in testo.md;5480;5589;principale;Materie\Geografia\Territori, popolazioni ed economie\Studente\GEO03-S.pdf
LAB-GEO03-T;Territori, popolazioni ed economie — tutor;S41;Materiale pronto;"Presente in cartella ma assente dall’indice HTML; titolo descrittivo ricavato dalla guida alle fonti, intestazione del testo conserva il codice.";Studiare con il DNA-V - materiali per la redazione/03 Laboratorio in testo/Laboratorio studio DSA - risorse in testo.md;5590;5628;principale;Materie\Geografia\Territori, popolazioni ed economie\Tutor\GEO03-T.pdf
LAB-ENG01-S;Costruzione della frase — studente;S50;Materiale pronto;"Presente in cartella ma assente dall’indice HTML; titolo descrittivo ricavato dalla guida alle fonti, intestazione del testo conserva il codice.";Studiare con il DNA-V - materiali per la redazione/03 Laboratorio in testo/Laboratorio studio DSA - risorse in testo.md;5629;5757;principale;Materie\Inglese\Costruzione della frase\Studente\ENG01-S.pdf
LAB-ENG01-T;Costruzione della frase — tutor;S50;Materiale pronto;"Presente in cartella ma assente dall’indice HTML; titolo descrittivo ricavato dalla guida alle fonti, intestazione del testo conserva il codice.";Studiare con il DNA-V - materiali per la redazione/03 Laboratorio in testo/Laboratorio studio DSA - risorse in testo.md;5758;5798;principale;Materie\Inglese\Costruzione della frase\Tutor\ENG01-T.pdf
LAB-ENG02-S;Tempi verbali e connettori frequenti — studente;S49, S50;Materiale pronto;"Presente in cartella ma assente dall’indice HTML; titolo descrittivo ricavato dalla guida alle fonti, intestazione del testo conserva il codice.";Studiare con il DNA-V - materiali per la redazione/03 Laboratorio in testo/Laboratorio studio DSA - risorse in testo.md;5799;5925;principale;Materie\Inglese\Tempi verbali e connettori frequenti\Studente\ENG02-S.pdf
LAB-ENG02-T;Tempi verbali e connettori frequenti — tutor;S49, S50;Materiale pronto;"Presente in cartella ma assente dall’indice HTML; titolo descrittivo ricavato dalla guida alle fonti, intestazione del testo conserva il codice.";Studiare con il DNA-V - materiali per la redazione/03 Laboratorio in testo/Laboratorio studio DSA - risorse in testo.md;5926;5968;principale;Materie\Inglese\Tempi verbali e connettori frequenti\Tutor\ENG02-T.pdf
LAB-P01;Quadro iniziale;STR1, STR4;Materiale pronto;"Risorsa complementare: esempio, traccia o guida; versione studente e tutor non sono doppioni eliminabili.";Studiare con il DNA-V - materiali per la redazione/03 Laboratorio in testo/Laboratorio studio DSA - risorse in testo.md;5969;5983;principale;Percorsi individuali\_MODELLO\Tutor\P01.pdf
LAB-P02;Obiettivi e revisione;STR4, STR5;Materiale pronto;"Risorsa complementare: esempio, traccia o guida; versione studente e tutor non sono doppioni eliminabili.";Studiare con il DNA-V - materiali per la redazione/03 Laboratorio in testo/Laboratorio studio DSA - risorse in testo.md;5984;5998;principale;Percorsi individuali\_MODELLO\Tutor\P02.pdf
LAB-P03;Registro dell’incontro;STR6;Materiale pronto;"Base del registro incluso nello Strumento 6: aggiungere DNA-V e consapevolezza solo nel nuovo allegato; tappa G per aggiornare l’originale.";Studiare con il DNA-V - materiali per la redazione/03 Laboratorio in testo/Laboratorio studio DSA - risorse in testo.md;5999;6013;principale;Percorsi individuali\_MODELLO\Tutor\P03.pdf
LAB-P04;Piano di lavoro e ripassi;S2, S27, STR6;Materiale pronto;"Risorsa complementare: esempio, traccia o guida; versione studente e tutor non sono doppioni eliminabili.";Studiare con il DNA-V - materiali per la redazione/03 Laboratorio in testo/Laboratorio studio DSA - risorse in testo.md;6014;6028;principale;Percorsi individuali\_MODELLO\Tutor\P04.pdf
LAB-P05;Materiali e adattamenti;S38, STR2;Materiale pronto;"Risorsa complementare: esempio, traccia o guida; versione studente e tutor non sono doppioni eliminabili.";Studiare con il DNA-V - materiali per la redazione/03 Laboratorio in testo/Laboratorio studio DSA - risorse in testo.md;6029;6043;principale;Percorsi individuali\_MODELLO\Tutor\P05.pdf
LAB-P06;Sintesi periodica;STR7;Materiale pronto;"Risorsa complementare: esempio, traccia o guida; versione studente e tutor non sono doppioni eliminabili.";Studiare con il DNA-V - materiali per la redazione/03 Laboratorio in testo/Laboratorio studio DSA - risorse in testo.md;6044;6058;principale;Percorsi individuali\_MODELLO\Tutor\P06.pdf
LAB-Registro;Registro degli incontri, del piano e degli obiettivi;STR6, STR7;Materiale pronto;"Registro originale con fogli incontri, piano e obiettivi; non modificato. Solo modello vuoto.";Studiare con il DNA-V - materiali per la redazione/03 Laboratorio in testo/Laboratorio studio DSA - risorse in testo.md;6059;6083;principale;
COMP-T1;Ridefinire il successo: che cosa dipende da me;D1;Integrare riscrivendo;"Conservare il numero originale; testo riscritto sullo studio. D2: rimuovere il riferimento ai ragazzi cinestesici.";Studiare con il DNA-V - materiali per la redazione/02 Compendio DNA-V/Il DNA-V in seduta - compendio operativo (testo).md;353;396;principale;
COMP-T2;Il cammino del DNA-V sui fogli a terra;D2;Integrare riscrivendo;"Conservare il numero originale; testo riscritto sullo studio. D2: rimuovere il riferimento ai ragazzi cinestesici.";Studiare con il DNA-V - materiali per la redazione/02 Compendio DNA-V/Il DNA-V in seduta - compendio operativo (testo).md;397;451;principale;
COMP-T3;Carte per la conversazione;D3;Integrare riscrivendo;"Conservare il numero originale; testo riscritto sullo studio. D2: rimuovere il riferimento ai ragazzi cinestesici.";Studiare con il DNA-V - materiali per la redazione/02 Compendio DNA-V/Il DNA-V in seduta - compendio operativo (testo).md;452;504;principale;
COMP-T4;Carte dei valori per lo studio;D4;Integrare riscrivendo;"Conservare il numero originale; testo riscritto sullo studio. D2: rimuovere il riferimento ai ragazzi cinestesici.";Studiare con il DNA-V - materiali per la redazione/02 Compendio DNA-V/Il DNA-V in seduta - compendio operativo (testo).md;505;540;principale;
COMP-T5;Detective della propria vita;APP-B;Solo rimando facoltativo;Nessun esercizio escluso è necessario per il percorso autonomo.;Studiare con il DNA-V - materiali per la redazione/02 Compendio DNA-V/Il DNA-V in seduta - compendio operativo (testo).md;541;590;principale;
COMP-T6;Riconoscere e dare un volto al Consulente;D6;Integrare riscrivendo;"Conservare il numero originale; testo riscritto sullo studio. D2: rimuovere il riferimento ai ragazzi cinestesici.";Studiare con il DNA-V - materiali per la redazione/02 Compendio DNA-V/Il DNA-V in seduta - compendio operativo (testo).md;591;629;principale;
COMP-T7;Il microfono al Consulente;D7;Integrare riscrivendo;"Conservare il numero originale; testo riscritto sullo studio. D2: rimuovere il riferimento ai ragazzi cinestesici.";Studiare con il DNA-V - materiali per la redazione/02 Compendio DNA-V/Il DNA-V in seduta - compendio operativo (testo).md;630;661;principale;
COMP-T8;Estremizzare: frasi che accendono il Consulente;APP-B;Solo rimando facoltativo;Nessun esercizio escluso è necessario per il percorso autonomo.;Studiare con il DNA-V - materiali per la redazione/02 Compendio DNA-V/Il DNA-V in seduta - compendio operativo (testo).md;662;697;principale;
COMP-T9;Il Consulente è onnipotente?;APP-B;Solo rimando facoltativo;Nessun esercizio escluso è necessario per il percorso autonomo.;Studiare con il DNA-V - materiali per la redazione/02 Compendio DNA-V/Il DNA-V in seduta - compendio operativo (testo).md;698;730;principale;
COMP-T10;Il gioco della sopravvivenza;APP-B;Solo rimando facoltativo;Nessun esercizio escluso è necessario per il percorso autonomo.;Studiare con il DNA-V - materiali per la redazione/02 Compendio DNA-V/Il DNA-V in seduta - compendio operativo (testo).md;731;777;principale;
COMP-T11;Normalizzare le emozioni;D11;Integrare riscrivendo;"Conservare il numero originale; testo riscritto sullo studio. D2: rimuovere il riferimento ai ragazzi cinestesici.";Studiare con il DNA-V - materiali per la redazione/02 Compendio DNA-V/Il DNA-V in seduta - compendio operativo (testo).md;778;821;principale;
COMP-T12;AND: Attenzione, Nominare, Descrivere;D12;Integrare riscrivendo;"Conservare il numero originale; testo riscritto sullo studio. D2: rimuovere il riferimento ai ragazzi cinestesici.";Studiare con il DNA-V - materiali per la redazione/02 Compendio DNA-V/Il DNA-V in seduta - compendio operativo (testo).md;822;866;principale;
COMP-T13;Fare spazio: il pallone sott’acqua e l’alga;D13;Integrare riscrivendo;"Conservare il numero originale; testo riscritto sullo studio. D2: rimuovere il riferimento ai ragazzi cinestesici.";Studiare con il DNA-V - materiali per la redazione/02 Compendio DNA-V/Il DNA-V in seduta - compendio operativo (testo).md;867;899;principale;
COMP-T14;La domanda della disponibilità (e “e” al posto di “ma”);D14;Integrare riscrivendo;"Conservare il numero originale; testo riscritto sullo studio. D2: rimuovere il riferimento ai ragazzi cinestesici.";Studiare con il DNA-V - materiali per la redazione/02 Compendio DNA-V/Il DNA-V in seduta - compendio operativo (testo).md;900;940;principale;
COMP-T15;La respirazione del palloncino;D15;Integrare riscrivendo;"Conservare il numero originale; testo riscritto sullo studio. D2: rimuovere il riferimento ai ragazzi cinestesici.";Studiare con il DNA-V - materiali per la redazione/02 Compendio DNA-V/Il DNA-V in seduta - compendio operativo (testo).md;941;987;principale;
COMP-T16;Mappare l’efficacia;D16;Integrare riscrivendo;"Conservare il numero originale; testo riscritto sullo studio. D2: rimuovere il riferimento ai ragazzi cinestesici.";Studiare con il DNA-V - materiali per la redazione/02 Compendio DNA-V/Il DNA-V in seduta - compendio operativo (testo).md;988;1017;principale;
COMP-T17;Le carte dei punti di forza;D17;Integrare riscrivendo;"Conservare il numero originale; testo riscritto sullo studio. D2: rimuovere il riferimento ai ragazzi cinestesici.";Studiare con il DNA-V - materiali per la redazione/02 Compendio DNA-V/Il DNA-V in seduta - compendio operativo (testo).md;1018;1054;principale;
COMP-T18;Dal Consulente all’Esploratore: feedback sul processo e regole di speranza;D18;Integrare riscrivendo;"Conservare il numero originale; testo riscritto sullo studio. D2: rimuovere il riferimento ai ragazzi cinestesici.";Studiare con il DNA-V - materiali per la redazione/02 Compendio DNA-V/Il DNA-V in seduta - compendio operativo (testo).md;1055;1105;principale;
COMP-T19;“Tutto questo funziona?” La disperazione creativa;APP-B;Solo rimando facoltativo;Nessun esercizio escluso è necessario per il percorso autonomo.;Studiare con il DNA-V - materiali per la redazione/02 Compendio DNA-V/Il DNA-V in seduta - compendio operativo (testo).md;1106;1163;principale;
COMP-T20;Obiettivi di studio con lo schema DNA-V;D20;Integrare riscrivendo;"Conservare il numero originale; testo riscritto sullo studio. D2: rimuovere il riferimento ai ragazzi cinestesici.";Studiare con il DNA-V - materiali per la redazione/02 Compendio DNA-V/Il DNA-V in seduta - compendio operativo (testo).md;1164;1192;principale;
COMP-T21;Contrasto e preparazione: “se… allora…”;D21;Integrare riscrivendo;"Conservare il numero originale; testo riscritto sullo studio. D2: rimuovere il riferimento ai ragazzi cinestesici.";Studiare con il DNA-V - materiali per la redazione/02 Compendio DNA-V/Il DNA-V in seduta - compendio operativo (testo).md;1193;1232;principale;
COMP-T22;ROAD: Respira, Osserva, Ascolta, Decidi;D22;Integrare riscrivendo;"Conservare il numero originale; testo riscritto sullo studio. D2: rimuovere il riferimento ai ragazzi cinestesici.";Studiare con il DNA-V - materiali per la redazione/02 Compendio DNA-V/Il DNA-V in seduta - compendio operativo (testo).md;1233;1277;principale;
COMP-T23;Dalla visione di sé rigida a quella flessibile;D23;Integrare riscrivendo;"Conservare il numero originale; testo riscritto sullo studio. D2: rimuovere il riferimento ai ragazzi cinestesici.";Studiare con il DNA-V - materiali per la redazione/02 Compendio DNA-V/Il DNA-V in seduta - compendio operativo (testo).md;1278;1320;principale;
COMP-T24;Una tazza piena di parole (e il racconto in terza persona);APP-B;Solo rimando facoltativo;Nessun esercizio escluso è necessario per il percorso autonomo.;Studiare con il DNA-V - materiali per la redazione/02 Compendio DNA-V/Il DNA-V in seduta - compendio operativo (testo).md;1321;1352;principale;
COMP-T25;Gentilezza verso di sé dopo un errore;D25;Integrare riscrivendo;"Conservare il numero originale; testo riscritto sullo studio. D2: rimuovere il riferimento ai ragazzi cinestesici.";Studiare con il DNA-V - materiali per la redazione/02 Compendio DNA-V/Il DNA-V in seduta - compendio operativo (testo).md;1353;1403;principale;
COMP-T26;Relazioni intorno allo studio: cerchi e prove di ruolo;D26;Integrare riscrivendo;"Conservare il numero originale; testo riscritto sullo studio. D2: rimuovere il riferimento ai ragazzi cinestesici.";Studiare con il DNA-V - materiali per la redazione/02 Compendio DNA-V/Il DNA-V in seduta - compendio operativo (testo).md;1404;1441;principale;
COMP-SCH1;La mappa DNA-V del ragazzo;SCH14;Riscrivere allegato;La scheda 1 originale è per il tutor: la nuova 14 sarà per il ragazzo, con linguaggio e campi da riprogettare.;Studiare con il DNA-V - materiali per la redazione/02 Compendio DNA-V/Il DNA-V in seduta - compendio operativo (testo).md;1444;1495;principale;
COMP-SCH2;Carte dei valori per lo studio;SCH15;Riscrivere allegato;Corrispondenza funzionale: ordine delle nuove schede diverso dall’ordine del compendio.;Studiare con il DNA-V - materiali per la redazione/02 Compendio DNA-V/Il DNA-V in seduta - compendio operativo (testo).md;1496;1540;principale;
COMP-SCH3;Il mio Consulente;SCH16;Riscrivere allegato;Corrispondenza funzionale: ordine delle nuove schede diverso dall’ordine del compendio.;Studiare con il DNA-V - materiali per la redazione/02 Compendio DNA-V/Il DNA-V in seduta - compendio operativo (testo).md;1541;1592;principale;
COMP-SCH4;AND prima della prova;SCH19;Riscrivere allegato;Corrispondenza funzionale: ordine delle nuove schede diverso dall’ordine del compendio.;Studiare con il DNA-V - materiali per la redazione/02 Compendio DNA-V/Il DNA-V in seduta - compendio operativo (testo).md;1593;1641;principale;
COMP-SCH5;Mappa dell’efficacia nello studio;SCH17;Riscrivere allegato;Corrispondenza funzionale: ordine delle nuove schede diverso dall’ordine del compendio.;Studiare con il DNA-V - materiali per la redazione/02 Compendio DNA-V/Il DNA-V in seduta - compendio operativo (testo).md;1642;1669;principale;
COMP-SCH6;Il mio piano DNA-V della settimana;SCH21;Riscrivere allegato;Corrispondenza funzionale: ordine delle nuove schede diverso dall’ordine del compendio.;Studiare con il DNA-V - materiali per la redazione/02 Compendio DNA-V/Il DNA-V in seduta - compendio operativo (testo).md;1670;1716;principale;
COMP-SCH7;ROAD, carta tascabile;SCH20;Riscrivere allegato;Corrispondenza funzionale: ordine delle nuove schede diverso dall’ordine del compendio.;Studiare con il DNA-V - materiali per la redazione/02 Compendio DNA-V/Il DNA-V in seduta - compendio operativo (testo).md;1717;1770;principale;
COMP-SCH8;Amico di me stesso dopo un errore;SCH22;Riscrivere allegato;Corrispondenza funzionale: ordine delle nuove schede diverso dall’ordine del compendio.;Studiare con il DNA-V - materiali per la redazione/02 Compendio DNA-V/Il DNA-V in seduta - compendio operativo (testo).md;1771;1820;principale;
COMP-SCH9;Cerchi delle persone intorno allo studio;SCH23;Riscrivere allegato;Corrispondenza funzionale: ordine delle nuove schede diverso dall’ordine del compendio.;Studiare con il DNA-V - materiali per la redazione/02 Compendio DNA-V/Il DNA-V in seduta - compendio operativo (testo).md;1821;1866;principale;
COMP-SCH10;Diario dell’Esploratore;SCH18;Riscrivere allegato;Corrispondenza funzionale: ordine delle nuove schede diverso dall’ordine del compendio.;Studiare con il DNA-V - materiali per la redazione/02 Compendio DNA-V/Il DNA-V in seduta - compendio operativo (testo).md;1867;2105;principale;
